/*
SQLyog Community v13.1.6 (64 bit)
MySQL - 8.0.23 : Database - ordertracker
*********************************************************************
*/

/*!40101 SET NAMES utf8 */;

/*!40101 SET SQL_MODE=''*/;

/*!40014 SET @OLD_UNIQUE_CHECKS=@@UNIQUE_CHECKS, UNIQUE_CHECKS=0 */;
/*!40014 SET @OLD_FOREIGN_KEY_CHECKS=@@FOREIGN_KEY_CHECKS, FOREIGN_KEY_CHECKS=0 */;
/*!40101 SET @OLD_SQL_MODE=@@SQL_MODE, SQL_MODE='NO_AUTO_VALUE_ON_ZERO' */;
/*!40111 SET @OLD_SQL_NOTES=@@SQL_NOTES, SQL_NOTES=0 */;
CREATE DATABASE /*!32312 IF NOT EXISTS*/`ordertracker` /*!40100 DEFAULT CHARACTER SET utf8 */ /*!80016 DEFAULT ENCRYPTION='N' */;

USE `ordertracker`;

/*Table structure for table `accounttype` */

DROP TABLE IF EXISTS `accounttype`;

CREATE TABLE `accounttype` (
  `AccountTypeID` int NOT NULL AUTO_INCREMENT,
  `Name` varchar(256) NOT NULL,
  PRIMARY KEY (`AccountTypeID`)
) ENGINE=InnoDB AUTO_INCREMENT=3 DEFAULT CHARSET=latin1;

/*Data for the table `accounttype` */

insert  into `accounttype`(`AccountTypeID`,`Name`) values 
(1,'Restaurant'),
(2,'Retail Store');

/*Table structure for table `business` */

DROP TABLE IF EXISTS `business`;

CREATE TABLE `business` (
  `BusinessId` int NOT NULL AUTO_INCREMENT,
  `BusinessName` varchar(50) CHARACTER SET utf8 COLLATE utf8_general_ci DEFAULT NULL,
  `Email` varchar(50) DEFAULT NULL,
  `Phone` varchar(20) DEFAULT NULL,
  `PhoneExtension` varchar(10) DEFAULT NULL,
  `StreetAddress1` varchar(100) CHARACTER SET utf8 COLLATE utf8_general_ci DEFAULT NULL,
  `StreetAddress2` varchar(100) CHARACTER SET utf8 COLLATE utf8_general_ci DEFAULT NULL,
  `Zip` int DEFAULT NULL,
  `City` varchar(20) DEFAULT NULL,
  `State` varchar(50) DEFAULT NULL,
  `Country` varchar(20) DEFAULT NULL,
  `parentBusinessId` int DEFAULT NULL,
  `active` int DEFAULT NULL,
  PRIMARY KEY (`BusinessId`)
) ENGINE=InnoDB AUTO_INCREMENT=206 DEFAULT CHARSET=utf8;

/*Data for the table `business` */

insert  into `business`(`BusinessId`,`BusinessName`,`Email`,`Phone`,`PhoneExtension`,`StreetAddress1`,`StreetAddress2`,`Zip`,`City`,`State`,`Country`,`parentBusinessId`,`active`) values 
(182,'port 123','s@gmail.com','(478) 946-5489','','15 N Main St','',21901,'North East','MD','United States',0,0),
(183,'test 31','s@gmail.com','(478) 946-5489','','15 N Main St','new busiess',21901,'North East','MD','United States',182,0),
(184,'223','s@gmail.com','(478) 946-5489','','15 N Main St','new busiess',21901,'North East','MD','United States',183,0),
(185,'port 123','s@gmail.com','(478) 946-5489','','15 N Main St','',21901,'North East','MD','United States',0,0),
(186,'test 31','s@gmail.com','(478) 946-5489','','15 N Main St','new busiess',21901,'North East','MD','United States',185,0),
(187,'port house','sk@gmail.com','(478) 946-5489','','15 N Main St','',21901,'North East','MD','United States',0,0),
(188,'test 31','s@gmail.com','(478) 946-5489','','15 N Main St','new busiess',21901,'North East','MD','United States',187,0),
(189,'abc','s@gmail.com','(478) 946-5489','','15 N Main St','',21901,'North East','MD','United States',0,0),
(190,'def','s@gmail.com','(478) 946-5489','','15 N Main St','new busiess',21901,'North East','MD','United States',0,0),
(191,'ccb','s@gmail.com','(478) 946-5489','','15 N Main St','',21901,'North East','MD','United States',0,0),
(192,'ccu','s@gmail.com','(478) 946-5489','','15 N Main St','new busiess',21901,'North East','MD','United States',0,0),
(193,'child under ccb','s@gmail.com','(478) 946-5489','','15 N Main St','',21901,'North East','MD','United States',191,0),
(194,'ccb','s@gmail.com','(478) 946-5489','','15 N Main St','',21901,'North East','MD','United States',0,0),
(195,'123','s@gmail.com','(478) 946-5489','','15 N Main St','new busiess',21901,'North East','MD','United States',0,0),
(196,'456','s@gmail.com','(478) 946-5489','','15 N Main St','new busiess',21901,'North East','MD','United States',0,0),
(197,'123','s@gmail.com','(478) 946-5489','','15 N Main St','new busiess',21901,'North East','MD','United States',0,0),
(198,'456','s@gmail.com','(478) 946-5489','','15 N Main St','new busiess',21901,'North East','MD','United States',0,0),
(199,'789','s@gmail.com','(478) 946-5489','','15 N Main St','new busiess',21901,'North East','MD','United States',0,0),
(200,'456','s@gmail.com','(478) 946-5489','','15 N Main St','new busiess',21901,'North East','MD','United States',0,0),
(201,'789','s@gmail.com','(478) 946-5489','','15 N Main St','new busiess',21901,'North East','MD','United States',0,1),
(202,'abc','s@gmail.com','(478) 946-5489','','15 N Main St','new busiess',21901,'North East','MD','United States',0,1),
(203,'101','s@gmail.comk','(478) 946-5489','','15 N Main St','',21901,'North East','MD','United States',201,1),
(204,'test 3','s@gmail.com','(478) 946-5489','','15 N Main St','new busiess',21901,'North East','MD','United States',0,1),
(205,'port 123','s@gmail.com','(478) 946-5489','','15 N Main St','new busiess',21901,'North East','MD','United States',0,0);

/*Table structure for table `carts` */

DROP TABLE IF EXISTS `carts`;

CREATE TABLE `carts` (
  `CartID` int NOT NULL AUTO_INCREMENT,
  `DateTime` datetime NOT NULL DEFAULT CURRENT_TIMESTAMP,
  `SubaccountID` int NOT NULL,
  `SupplierID` int DEFAULT NULL,
  `Closed` int NOT NULL DEFAULT '0',
  PRIMARY KEY (`CartID`),
  KEY `CartSubaccount` (`SubaccountID`),
  CONSTRAINT `CartSubaccount` FOREIGN KEY (`SubaccountID`) REFERENCES `subaccount` (`SubAccountID`)
) ENGINE=InnoDB AUTO_INCREMENT=393 DEFAULT CHARSET=latin1;

/*Data for the table `carts` */

insert  into `carts`(`CartID`,`DateTime`,`SubaccountID`,`SupplierID`,`Closed`) values 
(1,'2019-07-08 13:30:59',1,NULL,1),
(2,'2019-07-08 13:45:21',1,NULL,0),
(3,'2019-07-08 13:57:52',1,NULL,1),
(4,'2019-07-08 13:58:13',1,NULL,0),
(5,'2019-07-08 14:05:21',1,NULL,1),
(6,'2019-07-08 14:05:29',1,NULL,0),
(7,'2019-07-08 14:05:36',1,NULL,0),
(8,'2019-07-08 14:13:31',1,NULL,1),
(9,'2019-07-08 14:13:37',1,NULL,0),
(10,'2019-07-08 14:13:43',1,NULL,0),
(11,'2019-07-08 14:16:04',1,NULL,1),
(12,'2019-07-08 14:16:14',1,NULL,0),
(13,'2019-07-08 14:16:20',1,NULL,0),
(14,'2019-07-08 14:19:45',1,NULL,1),
(15,'2019-07-08 14:19:55',1,NULL,0),
(16,'2019-07-08 14:20:02',1,NULL,0),
(17,'2019-07-08 14:29:19',1,NULL,1),
(18,'2019-07-09 12:53:33',1,NULL,1),
(19,'2019-07-09 12:53:44',1,NULL,0),
(20,'2019-07-09 13:01:07',1,NULL,1),
(21,'2019-07-09 13:08:11',1,NULL,1),
(22,'2019-07-09 17:34:49',1,NULL,0),
(23,'2019-07-09 17:35:10',1,NULL,0),
(24,'2019-07-09 17:35:32',1,NULL,0),
(25,'2019-07-09 17:36:09',1,NULL,0),
(26,'2019-07-09 17:36:17',1,NULL,0),
(27,'2019-07-09 20:09:53',1,NULL,1),
(28,'2019-07-09 20:13:02',1,NULL,0),
(29,'2019-07-09 20:15:41',1,NULL,0),
(30,'2019-07-09 20:16:03',1,NULL,0),
(31,'2019-07-09 20:16:24',1,NULL,0),
(32,'2019-07-09 20:18:30',1,NULL,0),
(33,'2019-07-09 20:19:21',1,NULL,0),
(34,'2019-07-09 20:22:58',1,NULL,1),
(35,'2019-07-09 20:23:22',1,NULL,0),
(36,'2019-07-09 20:28:06',1,NULL,0),
(37,'2019-07-09 20:31:19',1,NULL,1),
(38,'2019-07-09 20:33:03',1,NULL,1),
(39,'2019-07-10 06:03:15',1,NULL,1),
(40,'2019-07-10 06:07:20',1,NULL,1),
(41,'2019-07-10 06:07:35',1,NULL,1),
(42,'2019-07-10 06:19:50',1,NULL,1),
(43,'2019-07-10 10:18:49',1,NULL,0),
(44,'2019-07-10 10:29:22',1,NULL,1),
(45,'2019-07-10 10:47:40',1,NULL,0),
(46,'2019-07-10 17:57:18',1,NULL,1),
(47,'2019-07-10 18:14:31',1,NULL,1),
(48,'2019-07-10 18:14:37',1,NULL,0),
(49,'2019-07-10 18:15:01',1,NULL,0),
(50,'2019-07-10 20:58:39',1,NULL,1),
(51,'2019-07-11 06:29:10',1,NULL,1),
(52,'2019-07-11 06:29:41',1,NULL,0),
(53,'2019-07-11 06:58:20',1,NULL,0),
(54,'2019-07-11 08:05:40',1,NULL,1),
(55,'2019-07-11 08:09:35',1,NULL,1),
(56,'2019-07-11 08:23:11',1,NULL,1),
(57,'2019-07-11 08:23:32',1,NULL,0),
(58,'2019-07-11 10:41:41',1,NULL,1),
(59,'2019-07-11 10:42:22',1,NULL,0),
(60,'2019-07-11 22:58:05',1,NULL,1),
(61,'2019-07-12 11:56:57',1,NULL,1),
(62,'2019-07-12 13:30:35',1,NULL,0),
(63,'2019-07-12 14:33:44',1,NULL,0),
(64,'2019-07-12 21:57:02',1,NULL,1),
(65,'2019-07-14 06:06:41',1,NULL,0),
(66,'2019-07-14 11:37:29',1,NULL,1),
(67,'2019-07-14 15:13:44',1,NULL,1),
(68,'2019-07-14 15:15:07',1,NULL,1),
(69,'2019-07-18 10:26:36',1,NULL,0),
(70,'2019-07-18 10:26:36',1,NULL,1),
(71,'2019-07-18 10:32:20',1,NULL,1),
(72,'2019-07-18 10:33:45',1,NULL,1),
(73,'2019-07-18 10:33:45',1,NULL,0),
(74,'2019-07-22 12:29:00',1,NULL,1),
(75,'2019-07-22 12:30:45',1,NULL,1),
(76,'2019-07-22 12:31:42',1,NULL,1),
(77,'2019-07-23 13:57:48',1,NULL,1),
(78,'2019-07-25 14:44:17',1,NULL,1),
(79,'2019-07-25 15:21:50',1,NULL,1),
(80,'2019-07-26 14:43:43',1,NULL,1),
(81,'2019-07-26 20:00:20',1,NULL,1),
(82,'2019-07-29 12:08:05',1,NULL,1),
(83,'2019-07-29 12:09:32',1,NULL,1),
(84,'2019-07-30 19:49:57',1,NULL,1),
(85,'2019-07-31 14:18:44',1,NULL,1),
(86,'2019-07-31 14:18:45',1,NULL,0),
(87,'2019-08-02 14:39:14',1,NULL,1),
(88,'2019-08-02 21:48:48',1,NULL,1),
(89,'2019-08-04 19:43:46',1,NULL,1),
(90,'2019-08-07 14:23:41',1,NULL,1),
(91,'2019-08-08 17:13:39',1,NULL,1),
(92,'2019-08-09 16:08:41',1,NULL,1),
(93,'2019-08-09 16:08:42',1,NULL,0),
(94,'2019-08-09 19:24:02',1,NULL,1),
(95,'2019-08-11 15:02:24',1,NULL,0),
(96,'2019-08-11 18:11:37',1,NULL,1),
(97,'2019-08-11 18:11:37',1,NULL,0),
(98,'2019-08-11 18:13:15',1,NULL,1),
(99,'2019-08-13 08:54:52',1,NULL,0),
(100,'2019-08-13 08:56:09',1,NULL,0),
(101,'2019-08-13 10:06:54',1,NULL,0),
(102,'2019-08-13 10:08:11',1,NULL,0),
(103,'2019-08-13 10:09:34',1,NULL,0),
(104,'2019-08-13 10:09:54',1,NULL,0),
(105,'2019-08-13 10:10:38',1,NULL,0),
(106,'2019-08-13 10:11:03',1,NULL,0),
(107,'2019-08-13 10:11:34',1,NULL,0),
(108,'2019-08-13 10:11:57',1,NULL,0),
(109,'2019-08-13 10:13:03',1,NULL,0),
(110,'2019-08-13 10:13:29',1,NULL,0),
(111,'2019-08-13 13:49:54',1,NULL,0),
(112,'2019-08-13 13:55:37',1,NULL,0),
(113,'2019-08-13 13:59:43',1,NULL,0),
(114,'2019-08-13 20:07:30',1,NULL,0),
(115,'2019-08-14 06:29:15',1,NULL,0),
(116,'2019-08-14 15:25:18',1,NULL,0),
(117,'2019-08-14 16:42:20',1,NULL,1),
(118,'2019-08-15 14:12:54',1,NULL,1),
(119,'2019-08-16 13:19:21',1,NULL,1),
(120,'2019-08-16 14:03:31',1,NULL,1),
(121,'2019-08-16 21:27:20',1,NULL,1),
(122,'2019-08-18 16:30:03',1,NULL,1),
(123,'2019-08-18 16:33:47',1,NULL,1),
(124,'2019-08-22 11:34:06',1,NULL,1),
(125,'2019-08-22 11:35:32',1,NULL,1),
(126,'2019-08-25 16:59:35',1,NULL,1),
(127,'2019-08-25 17:05:52',1,NULL,1),
(128,'2019-08-27 20:27:40',1,NULL,1),
(129,'2019-08-29 11:25:07',1,NULL,1),
(130,'2019-08-30 15:50:57',1,NULL,1),
(131,'2019-08-30 20:44:08',1,NULL,1),
(132,'2019-09-03 15:26:08',1,NULL,1),
(133,'2019-09-03 15:31:01',1,NULL,1),
(134,'2019-09-04 16:43:12',1,NULL,1),
(135,'2019-09-05 09:19:31',1,NULL,1),
(136,'2019-09-06 16:14:15',1,NULL,1),
(137,'2019-09-06 20:38:11',1,NULL,1),
(138,'2019-09-08 15:09:34',1,NULL,1),
(139,'2019-09-10 13:26:56',1,NULL,1),
(140,'2019-09-11 13:54:55',1,NULL,1),
(141,'2019-09-12 15:39:28',1,NULL,1),
(142,'2019-09-13 15:59:14',1,NULL,1),
(143,'2019-09-13 22:05:09',1,NULL,1),
(144,'2019-09-17 15:24:47',1,NULL,1),
(145,'2019-09-17 15:40:51',1,NULL,1),
(146,'2019-09-19 13:49:47',1,NULL,1),
(147,'2019-09-20 15:10:36',1,NULL,1),
(148,'2019-09-22 16:05:43',1,NULL,1),
(149,'2019-09-26 07:32:13',1,NULL,1),
(150,'2019-09-26 12:43:48',1,NULL,1),
(151,'2019-09-27 16:03:00',1,NULL,1),
(152,'2019-09-29 15:28:45',1,NULL,1),
(153,'2019-09-29 15:30:09',1,NULL,1),
(154,'2019-10-01 16:04:25',1,NULL,1),
(155,'2019-10-03 12:29:09',1,NULL,1),
(156,'2019-10-06 15:27:43',1,NULL,1),
(157,'2019-10-08 14:29:20',1,NULL,1),
(158,'2019-10-10 15:41:05',1,NULL,1),
(159,'2019-10-13 14:17:02',1,NULL,1),
(160,'2019-10-13 14:18:33',1,NULL,1),
(161,'2019-10-17 12:12:22',1,NULL,1),
(162,'2019-10-18 16:15:38',1,NULL,1),
(163,'2019-10-20 16:24:24',1,NULL,1),
(164,'2019-10-20 16:26:02',1,NULL,1),
(165,'2019-10-24 13:43:24',1,NULL,1),
(166,'2019-10-30 14:08:23',1,NULL,1),
(167,'2019-11-01 16:18:53',1,NULL,1),
(168,'2019-11-01 20:12:41',1,NULL,1),
(169,'2019-11-03 16:38:48',1,NULL,1),
(170,'2019-11-07 16:27:26',1,NULL,1),
(171,'2019-11-10 13:54:23',1,NULL,1),
(172,'2019-11-10 13:55:21',1,NULL,1),
(173,'2019-11-13 16:34:41',1,NULL,1),
(174,'2019-11-13 20:22:41',1,NULL,1),
(175,'2019-11-14 13:22:03',1,NULL,1),
(176,'2019-11-15 16:08:15',1,NULL,1),
(177,'2019-11-17 12:57:27',1,NULL,1),
(178,'2019-11-22 13:54:51',1,NULL,1),
(179,'2019-11-23 02:55:45',1,NULL,1),
(180,'2019-11-24 14:55:06',1,NULL,1),
(181,'2019-11-27 14:06:27',1,NULL,1),
(182,'2019-11-29 15:22:15',1,NULL,1),
(183,'2019-12-04 15:36:27',1,NULL,1),
(184,'2019-12-04 16:43:55',1,NULL,1),
(185,'2019-12-05 13:14:51',1,NULL,1),
(186,'2019-12-06 10:09:10',1,NULL,1),
(187,'2019-12-06 20:14:20',1,NULL,1),
(188,'2019-12-08 14:22:11',1,NULL,1),
(189,'2019-12-11 13:47:52',1,NULL,1),
(190,'2019-12-13 16:47:49',1,NULL,1),
(191,'2019-12-15 11:38:59',1,NULL,1),
(192,'2019-12-15 12:15:50',1,NULL,1),
(193,'2019-12-18 13:18:17',1,NULL,1),
(194,'2019-12-20 14:12:13',1,NULL,1),
(195,'2019-12-25 19:02:19',1,NULL,1),
(196,'2019-12-27 13:54:16',1,NULL,1),
(197,'2019-12-31 10:52:42',1,NULL,1),
(198,'2020-01-03 12:32:18',1,NULL,1),
(199,'2020-01-03 16:22:33',1,NULL,1),
(200,'2020-01-03 16:40:32',1,NULL,0),
(201,'2020-01-08 13:36:38',1,NULL,1),
(202,'2020-01-08 13:41:32',1,NULL,1),
(203,'2020-01-08 14:37:19',1,NULL,1),
(204,'2020-01-10 14:38:44',1,NULL,1),
(205,'2020-01-12 16:19:57',1,NULL,1),
(206,'2020-01-15 11:57:30',1,NULL,1),
(207,'2020-01-17 13:59:39',1,NULL,1),
(208,'2020-01-17 14:23:35',1,NULL,1),
(209,'2020-01-17 20:52:44',1,NULL,1),
(210,'2020-01-19 17:41:18',1,NULL,1),
(211,'2020-01-22 15:15:23',1,NULL,1),
(212,'2020-01-23 14:23:25',1,NULL,1),
(213,'2020-01-26 13:03:00',1,NULL,1),
(214,'2020-01-28 16:31:02',1,NULL,1),
(215,'2020-01-30 15:23:49',1,NULL,1),
(216,'2020-02-02 14:06:16',1,NULL,1),
(217,'2020-02-03 15:13:19',1,NULL,1),
(218,'2020-02-06 15:40:35',1,NULL,1),
(219,'2020-02-07 13:33:06',1,NULL,1),
(220,'2020-02-09 16:36:00',1,NULL,1),
(221,'2020-02-12 15:18:06',1,NULL,1),
(222,'2020-02-12 15:19:40',1,NULL,1),
(223,'2020-02-14 19:16:43',1,NULL,1),
(224,'2020-02-14 19:22:20',1,NULL,0),
(225,'2020-02-16 16:42:44',1,NULL,1),
(226,'2020-02-18 11:05:42',1,NULL,1),
(227,'2020-02-20 13:32:53',1,NULL,1),
(228,'2020-02-21 14:26:15',1,NULL,1),
(229,'2020-02-23 23:07:29',1,NULL,0),
(230,'2020-02-25 13:46:21',1,NULL,1),
(231,'2020-02-27 15:07:06',1,NULL,1),
(232,'2020-03-01 13:49:05',1,NULL,1),
(233,'2020-03-04 15:29:55',1,NULL,1),
(234,'2020-03-06 15:11:18',1,NULL,1),
(235,'2020-03-08 18:30:25',1,NULL,1),
(236,'2020-03-08 18:31:18',1,NULL,1),
(237,'2020-03-10 11:11:28',1,NULL,1),
(238,'2020-03-10 17:31:23',1,NULL,1),
(239,'2020-03-11 15:28:07',1,NULL,1),
(240,'2020-03-11 15:29:00',1,NULL,1),
(241,'2020-03-13 15:15:10',1,NULL,1),
(242,'2020-03-15 16:36:30',1,NULL,1),
(243,'2020-03-19 17:44:35',1,NULL,1),
(244,'2020-03-22 13:45:10',1,NULL,1),
(245,'2020-03-25 19:12:27',1,NULL,1),
(246,'2020-03-26 17:31:15',1,NULL,1),
(247,'2020-03-27 15:19:34',1,NULL,1),
(248,'2020-03-29 14:05:47',1,NULL,1),
(249,'2020-04-02 16:58:09',1,NULL,1),
(250,'2020-04-05 13:39:41',1,NULL,1),
(251,'2020-04-08 14:57:27',1,NULL,1),
(252,'2020-04-09 14:00:38',1,NULL,1),
(253,'2020-04-11 14:39:56',1,NULL,1),
(254,'2020-04-11 18:25:57',1,NULL,1),
(255,'2020-04-14 21:13:07',1,NULL,1),
(256,'2020-04-16 15:43:49',1,NULL,1),
(257,'2020-04-19 18:04:52',1,NULL,0),
(258,'2020-04-21 16:09:05',1,NULL,1),
(259,'2020-04-23 15:35:28',1,NULL,1),
(260,'2020-04-26 18:37:52',1,NULL,1),
(261,'2020-04-29 14:09:05',1,NULL,1),
(262,'2020-04-30 14:57:49',1,NULL,1),
(263,'2020-05-01 18:00:27',1,NULL,1),
(264,'2020-05-03 18:13:34',1,NULL,1),
(265,'2020-05-06 10:58:32',1,NULL,1),
(266,'2020-05-06 14:08:36',1,NULL,1),
(267,'2020-05-07 17:04:01',1,NULL,1),
(268,'2020-05-08 16:26:25',1,NULL,1),
(269,'2020-05-10 19:38:10',1,NULL,1),
(270,'2020-05-11 12:50:29',1,NULL,1),
(271,'2020-05-13 15:41:09',1,NULL,1),
(272,'2020-05-14 15:08:30',1,NULL,1),
(273,'2020-05-17 17:58:44',1,NULL,1),
(274,'2020-05-19 15:50:39',1,NULL,1),
(275,'2020-05-20 15:44:21',1,NULL,1),
(276,'2020-05-22 15:14:17',1,NULL,1),
(277,'2020-05-24 19:15:53',1,NULL,1),
(278,'2020-05-26 15:07:54',1,NULL,1),
(279,'2020-05-27 15:20:40',1,NULL,1),
(280,'2020-05-28 19:02:33',1,NULL,1),
(281,'2020-05-29 15:03:49',1,NULL,1),
(282,'2020-06-01 10:32:25',1,NULL,1),
(283,'2020-06-03 14:41:53',1,NULL,0),
(284,'2020-06-03 17:47:34',1,NULL,1),
(285,'2020-06-03 17:48:55',1,NULL,1),
(286,'2020-06-04 19:57:31',1,NULL,1),
(287,'2020-06-05 16:30:55',1,NULL,1),
(288,'2020-06-09 15:19:19',1,NULL,1),
(289,'2020-06-11 14:47:07',1,NULL,1),
(290,'2020-06-12 16:19:40',1,NULL,1),
(291,'2020-06-14 17:35:12',1,NULL,1),
(292,'2020-06-16 18:28:49',1,NULL,1),
(293,'2020-06-17 15:47:54',1,NULL,1),
(294,'2020-06-18 15:02:48',1,NULL,1),
(295,'2020-06-19 17:18:59',1,NULL,1),
(296,'2020-06-21 19:10:26',1,NULL,1),
(297,'2020-06-23 19:59:10',1,NULL,1),
(298,'2020-06-24 15:45:36',1,NULL,1),
(299,'2020-06-25 15:40:28',1,NULL,1),
(300,'2020-06-26 15:09:39',1,NULL,1),
(301,'2020-06-30 14:09:20',1,NULL,1),
(302,'2020-07-02 14:45:10',1,NULL,1),
(303,'2020-07-07 11:17:39',1,NULL,1),
(304,'2020-07-07 17:05:06',1,NULL,1),
(305,'2020-07-10 14:33:45',1,NULL,1),
(306,'2020-07-12 18:04:26',1,NULL,1),
(307,'2020-07-14 15:29:10',1,NULL,1),
(308,'2020-07-16 16:27:13',1,NULL,1),
(309,'2020-07-20 13:05:26',1,NULL,1),
(310,'2020-07-21 15:48:34',1,NULL,1),
(311,'2020-07-23 15:17:08',1,NULL,1),
(312,'2020-07-24 15:37:39',1,NULL,1),
(313,'2020-07-24 15:55:30',1,NULL,1),
(314,'2020-07-26 18:03:34',1,NULL,1),
(315,'2020-07-28 16:11:22',1,NULL,1),
(316,'2020-07-30 13:50:44',1,NULL,0),
(317,'2020-07-31 10:55:24',1,NULL,0),
(318,'2020-07-31 16:22:03',1,NULL,1),
(319,'2020-08-04 17:06:08',1,NULL,1),
(320,'2020-08-04 20:09:34',1,NULL,1),
(321,'2020-08-05 15:12:04',1,NULL,1),
(322,'2020-08-06 16:32:43',1,NULL,1),
(323,'2020-08-09 19:28:38',1,NULL,0),
(324,'2020-08-11 19:53:40',1,NULL,1),
(325,'2020-08-13 12:56:21',1,NULL,1),
(326,'2020-08-18 11:31:53',1,NULL,0),
(327,'2020-08-20 13:28:00',1,NULL,0),
(328,'2020-08-25 15:37:52',1,NULL,1),
(329,'2020-08-27 13:44:05',1,NULL,0),
(330,'2020-08-28 21:21:42',1,NULL,1),
(331,'2020-08-30 19:01:21',1,NULL,1),
(332,'2020-09-01 13:08:40',1,NULL,1),
(333,'2020-09-02 14:58:23',1,NULL,1),
(334,'2020-09-04 14:27:10',1,NULL,1),
(335,'2020-09-04 16:22:21',1,NULL,1),
(336,'2020-09-06 19:13:57',1,NULL,0),
(337,'2020-09-08 18:46:38',1,NULL,1),
(338,'2020-09-10 13:11:27',1,NULL,0),
(339,'2020-09-15 15:41:22',1,NULL,1),
(340,'2020-09-17 14:17:26',1,NULL,1),
(341,'2020-09-20 14:48:22',1,NULL,1),
(342,'2020-09-24 12:48:28',1,NULL,1),
(343,'2020-09-29 15:10:34',1,NULL,1),
(344,'2020-09-30 17:19:20',1,NULL,1),
(345,'2020-10-02 14:22:40',1,NULL,1),
(346,'2020-10-04 17:52:15',1,NULL,1),
(347,'2020-10-08 13:11:57',1,NULL,1),
(348,'2020-10-09 16:16:14',1,NULL,1),
(349,'2020-10-13 13:11:47',1,NULL,0),
(350,'2020-10-13 13:42:17',1,NULL,1),
(351,'2020-10-13 13:50:17',1,NULL,1),
(352,'2020-10-15 14:44:47',1,NULL,1),
(353,'2020-10-15 14:57:08',1,NULL,1),
(354,'2020-10-16 13:46:00',1,NULL,1),
(355,'2020-10-20 14:25:21',1,NULL,1),
(356,'2020-10-23 12:55:07',1,NULL,1),
(357,'2020-10-27 16:04:29',1,NULL,1),
(358,'2020-10-30 15:55:49',1,NULL,1),
(359,'2020-11-03 15:53:39',1,NULL,1),
(360,'2020-11-06 16:34:24',1,NULL,1),
(361,'2020-11-08 19:19:35',1,NULL,1),
(362,'2020-11-12 17:08:41',1,NULL,1),
(363,'2020-11-13 16:48:37',1,NULL,1),
(364,'2020-11-19 15:42:51',1,NULL,1),
(365,'2020-11-19 19:07:36',1,NULL,0),
(366,'2020-11-24 21:01:38',1,NULL,1),
(367,'2020-11-25 15:47:19',1,NULL,1),
(368,'2020-12-01 16:55:13',1,NULL,1),
(369,'2020-12-02 16:47:26',1,NULL,1),
(370,'2020-12-06 18:28:45',1,NULL,1),
(371,'2020-12-08 14:33:22',1,NULL,1),
(372,'2020-12-09 16:00:46',1,NULL,1),
(373,'2020-12-11 16:08:28',1,NULL,1),
(374,'2020-12-15 16:24:28',1,NULL,0),
(375,'2020-12-16 10:42:32',1,NULL,1),
(376,'2020-12-21 13:23:20',1,NULL,1),
(377,'2020-12-22 12:32:59',1,NULL,1),
(378,'2020-12-22 16:48:40',1,NULL,1),
(379,'2020-12-28 07:58:00',1,NULL,1),
(380,'2021-01-03 12:13:38',1,NULL,1),
(381,'2021-01-07 17:44:03',1,NULL,1),
(382,'2021-01-08 16:51:50',1,NULL,1),
(383,'2021-01-13 16:55:34',1,NULL,1),
(384,'2021-01-15 16:29:13',1,NULL,1),
(385,'2021-01-19 16:09:38',1,NULL,1),
(386,'2021-01-22 16:25:25',1,NULL,1),
(387,'2021-01-25 07:55:45',1,NULL,1),
(388,'2021-01-28 16:22:51',1,NULL,1),
(389,'2021-01-31 21:50:36',1,NULL,0),
(390,'2021-02-02 21:01:01',1,NULL,1),
(391,'2021-02-16 00:43:00',1,NULL,0),
(392,'2021-03-02 15:32:49',1,NULL,1);

/*Table structure for table `company` */

DROP TABLE IF EXISTS `company`;

CREATE TABLE `company` (
  `CompanyID` int NOT NULL AUTO_INCREMENT,
  `Name` varchar(255) NOT NULL,
  PRIMARY KEY (`CompanyID`)
) ENGINE=InnoDB AUTO_INCREMENT=4 DEFAULT CHARSET=latin1;

/*Data for the table `company` */

insert  into `company`(`CompanyID`,`Name`) values 
(1,'Amrein'),
(2,'Galvinell'),
(3,'Wells Meats');

/*Table structure for table `country` */

DROP TABLE IF EXISTS `country`;

CREATE TABLE `country` (
  `country_id` int unsigned NOT NULL AUTO_INCREMENT,
  `name` varchar(64) DEFAULT NULL,
  `countrycode` varchar(8) DEFAULT NULL,
  PRIMARY KEY (`country_id`)
) ENGINE=InnoDB AUTO_INCREMENT=2 DEFAULT CHARSET=utf8;

/*Data for the table `country` */

insert  into `country`(`country_id`,`name`,`countrycode`) values 
(1,'United States','US');

/*Table structure for table `item` */

DROP TABLE IF EXISTS `item`;

CREATE TABLE `item` (
  `ItemID` int NOT NULL AUTO_INCREMENT,
  `Name` varchar(256) NOT NULL,
  `SKU` varchar(256) NOT NULL,
  `UnitID` int NOT NULL,
  `PhotoURL` varchar(256) NOT NULL,
  PRIMARY KEY (`ItemID`),
  KEY `Unit` (`UnitID`),
  CONSTRAINT `Unit` FOREIGN KEY (`UnitID`) REFERENCES `units` (`UnitID`)
) ENGINE=InnoDB AUTO_INCREMENT=145 DEFAULT CHARSET=latin1;

/*Data for the table `item` */

insert  into `item`(`ItemID`,`Name`,`SKU`,`UnitID`,`PhotoURL`) values 
(5,'GF Rolls, Udi, 21ct, 3.2oz. Hamburger ','1',2,''),
(6,'Le Bus, Crab Cake Brioche ','1',2,''),
(7,'La Banderita Tortilla, 6in','1',2,''),
(8,'La Banderita Tortilla, 12in','1',2,''),
(9,'Chicken Tenders, Brandywine','1',2,''),
(10,'Chicken Tenderloin, Jumbo','1',2,''),
(11,'Hot Dogs','1',2,''),
(12,'Bacon, Kunzler, 10lb. Slab','1',1,''),
(13,'Ranch 789, Ken’s','1',1,''),
(14,'Cannon Ball BBQ 784, Ken’s','1',1,''),
(15,'Blue Cheese 865, Ken’s','1',1,''),
(16,'Honey Mustard 711, Ken’s','1',1,''),
(17,'Zesty Italian Dressing 872, Ken’s','1',1,''),
(18,'Heavy Mayo 898, Ken’s 4/1gal','1',2,''),
(19,'Cocktail Sauce, Ken’s','1',1,''),
(20,'Pickles, Ksh. Dill Crosscuts','1',1,''),
(21,'Milk, Whole, Gallon','1',2,''),
(22,'Cream, Heavy 40% 12/1','1',2,''),
(23,'Butter, Salted, 36lb/cs.','1',2,''),
(24,'Eggs (dozen)','1',1,''),
(25,'Cheese, mixed ','1',1,''),
(26,'Cheese, Goat, 2/2lb.','1',2,''),
(27,'Garlic Powder, 16oz.','1',1,''),
(28,'Old Bay, 7.5lb','1',1,''),
(29,'Paprika, 16oz.','1',1,''),
(30,'Salt, Round','1',1,''),
(31,'Sugar, White, 4lb.','1',1,''),
(32,'Vanilla Extract, Pure (Restaurant Depot)','1',1,''),
(33,'Avocado, 48ct., Green','1',2,''),
(34,'Basil, Clamshell, 4oz.','1',1,''),
(35,'Cole Slaw Mix, Pre-cut, 5lb.','1',1,''),
(36,'Carrot, Shredded, 5lb.','1',1,''),
(37,'Celery','1',1,''),
(38,'Cilantro, Clamshell, 60ct.','1',1,''),
(39,'Cucumber, ea.','1',1,''),
(40,'Potato, Gold ','1',2,''),
(41,'Potato, Idaho 80ct.','1',2,''),
(42,'Portobello Caps, 3.5 In','1',2,''),
(43,'Lemon 140ct.','1',2,''),
(44,'Lime, ea. ','1',1,''),
(45,'Mango, ea.','1',1,''),
(46,'Oranges, 72ct.','1',2,''),
(47,'Pineapple, ea.','1',1,''),
(48,'Pepper, Red ','1',2,''),
(49,'Arcadia Blend, 4x3lb/cs.','1',2,''),
(50,'Tomatoes, 5x6','1',2,''),
(51,'Onion, Red','1',1,''),
(52,'Onion, Yellow','1',1,''),
(53,'Squash, Yellow, 18lb.','1',1,''),
(54,'Cheese, Blue, Crumbles, 5lb','1',1,''),
(55,'Cheese, Chedder, Sliced, Great Lakes','1',2,''),
(56,'Cheese, Swiss, Sliced, Great Lakes','1',2,''),
(57,'Cheese, Provalone, Sliced, Great Lakes','1',2,''),
(58,'Cheese, White American, Sliced, 5lbs. ','1',1,''),
(59,'Oyster Crackers 150/.5oz','1',2,''),
(60,'Vinegar, Balsamic, 5ltr.','1',2,''),
(61,'Vinegar, White, Gallon','1',1,''),
(62,'Oil, Olive Blend','1',1,''),
(63,'Oil, Creamy Fryer','1',1,''),
(64,'Oil, Pam, Grill Spray','1',2,''),
(65,'Dried Cranberry 10lb.','1',2,''),
(66,'Walnut Pieces 12/2lb. (Restaurant Depot)','1',2,''),
(67,'Honey, Bears','1',1,''),
(68,'Corn Starch, cs., 24lb ','1',2,''),
(69,'Wasabi Powder','1',1,''),
(70,'Raspberry Preserve, Polaner, 6#10','1',2,''),
(71,'Roasted Red Peppers, Canned','1',2,''),
(72,'Ketchup, Canned','1',2,''),
(73,'Crushed Tomatoes, Soprito','1',2,''),
(74,'Black Pepper, 16oz.','1',1,''),
(75,'Cajun, 16oz.','1',1,''),
(76,'Cayenne, 16oz.','1',1,''),
(77,'Minced Onion, 3lb.','1',1,''),
(78,'Chili Powder, 16oz.','1',1,''),
(79,'Squash, Green, 18b.','1',1,''),
(80,'26-30 Peeled, Tail On Shrimp','1',2,''),
(81,'26-30 Peeled, Tail Off Shrimp','2',2,''),
(82,'Ahi Filet, 6oz.','1',2,''),
(83,'Vinegar, Malt, 12/12oz.','1',2,''),
(84,'Ketchup Bottles, Heinz, Glass','1',2,''),
(85,'Hot Sauce, Sriracha, Huy Fong, 12/28oz.','1',1,''),
(86,'Steak Sauce, A1, 12/10 oz','1',2,''),
(87,'Mustard, Heinz Yellow Mustard,16/13 oz','1',2,''),
(88,'Mustard, Gulden’s Spicy Brown, 12/12oz.','1',2,''),
(89,'Hot Sauce, Texas Pete, 12/6oz.','1',2,''),
(90,'Hot Sauce, Crystal, 12/12oz.','1',2,''),
(91,'Apple Juice, Tropicana, 12/15.5oz','1',2,''),
(92,'Bottled Water','1',2,''),
(93,'Lump Crab, Pasteurized Mex','1',2,''),
(94,'Jumbo Lump Crab, Fresh Venz, 1-Lb','1',1,''),
(95,'Jumbo Lump Crab, Pasteurized Mex 1-Lb','1',1,''),
(96,'Crab Claw','1',2,''),
(97,'Salmon Side Filet, Skin On','1',1,''),
(98,'Blue Moon','1',2,''),
(99,'Coke, 5G BIB','1',2,''),
(100,'Diet Coke, 5G BIB','1',2,''),
(101,'Sprite, 5G BIB','1',2,''),
(102,'Orange, Fanta, 5G BIB','1',2,''),
(103,'Root Beer, Barq\'s, 5G BIB','1',2,''),
(104,'Tea, Sweet Black, Gold Peak, 2.5G BIB','1',2,''),
(105,'PowerAid, Mountain Blast, 2.5G BIB','1',2,''),
(106,'Tea, Unweet Black, Gold Peak, 2.5G BIB','1',2,''),
(107,'Tea, Sweet Green, Gold Peak, 2.5G BIB','1',2,''),
(117,'Angry Orchard, 4/6PK','1',2,''),
(118,'Coors Light, 4/6PK','1',2,''),
(119,'Corona, 4/6PK','1',2,''),
(120,'Heavy Seas, Loose Canon, 4/6PK','1',2,''),
(121,'Miller Lite, 4/6PK','1',2,''),
(122,'Sam Adams, Boston, 4/6PK','1',2,''),
(123,'Sam Adams, Seasonal, 4/6PK','1',2,''),
(124,'Yuengling, 4/6PK','1',2,''),
(125,'Cabernet Sauv, Beringer Main & Vine, 750ML','1',2,''),
(126,'Merlot, Beringer Main & Vine, 750ML','1',2,''),
(127,'Chardonnay, Beringer Main & Vine, 750ML','1',2,''),
(128,'Moscato, Beringer Main & Vine, 750ML','1',2,''),
(129,'Pino Grigo, Ecco Domani, 750ML','1',2,''),
(130,'White Zinfandel, Beringer Main & Vine, 750ML','1',2,''),
(131,'Vodka, Smirnoff, Citrus, 1L','1',1,''),
(132,'Vodka, Smirnoff, Orange, 1L','1',1,''),
(133,'Vodka, Smirnoff, Whipped, 1L','1',1,''),
(134,'Vodka, Smirnoff, 80, 1L','1',1,''),
(135,'Triple Sec, Bols, 1L','1',1,''),
(136,'Grenadine, Roses, 1L','1',1,''),
(137,'Rum, Sailor Jerry, 1L','1',1,''),
(138,'White Rum, Naked Turtle, 1L','1',1,''),
(139,'Spiced Rum, Captain Morgan, 1L','1',1,''),
(140,'Ketchup, Packets','1',2,''),
(141,'Gloves, Disposable, Nitrile, Small','1',2,''),
(142,'Gloves, Disposable, Nitrile, Med','1',2,''),
(143,'Gloves, Disposable, Nitrile, Large','1',2,''),
(144,'Sour Cream, Packets','1',2,'');

/*Table structure for table `joinaccounttoitem` */

DROP TABLE IF EXISTS `joinaccounttoitem`;

CREATE TABLE `joinaccounttoitem` (
  `ID` int NOT NULL AUTO_INCREMENT,
  `SubAccountID` int NOT NULL,
  `ItemID` int NOT NULL,
  PRIMARY KEY (`ID`),
  KEY `AccountKey` (`SubAccountID`),
  KEY `ItemKey` (`ItemID`),
  CONSTRAINT `AccountKey` FOREIGN KEY (`SubAccountID`) REFERENCES `subaccount` (`SubAccountID`),
  CONSTRAINT `ItemKey` FOREIGN KEY (`ItemID`) REFERENCES `item` (`ItemID`)
) ENGINE=InnoDB AUTO_INCREMENT=3 DEFAULT CHARSET=latin1;

/*Data for the table `joinaccounttoitem` */

/*Table structure for table `joinaccounttoperson` */

DROP TABLE IF EXISTS `joinaccounttoperson`;

CREATE TABLE `joinaccounttoperson` (
  `JoinID` int NOT NULL AUTO_INCREMENT,
  `PersonID` int NOT NULL,
  `SubAccountID` int NOT NULL,
  PRIMARY KEY (`JoinID`)
) ENGINE=InnoDB DEFAULT CHARSET=latin1;

/*Data for the table `joinaccounttoperson` */

/*Table structure for table `joincarttoitem` */

DROP TABLE IF EXISTS `joincarttoitem`;

CREATE TABLE `joincarttoitem` (
  `ID` int NOT NULL AUTO_INCREMENT,
  `ItemID` int NOT NULL,
  `CartID` int NOT NULL,
  `CartQuantity` int NOT NULL,
  `SupplierID` int NOT NULL,
  PRIMARY KEY (`ID`),
  KEY `CartID` (`CartID`),
  KEY `CartItemID` (`ItemID`),
  KEY `CartSupplierID` (`SupplierID`),
  CONSTRAINT `CartID` FOREIGN KEY (`CartID`) REFERENCES `carts` (`CartID`),
  CONSTRAINT `CartItemID` FOREIGN KEY (`ItemID`) REFERENCES `item` (`ItemID`),
  CONSTRAINT `CartSupplierID` FOREIGN KEY (`SupplierID`) REFERENCES `supplier` (`SupplierID`)
) ENGINE=InnoDB AUTO_INCREMENT=4936 DEFAULT CHARSET=latin1;

/*Data for the table `joincarttoitem` */

insert  into `joincarttoitem`(`ID`,`ItemID`,`CartID`,`CartQuantity`,`SupplierID`) values 
(1,23,1,5,1),
(2,22,1,10,1),
(3,91,1,15,1),
(4,91,1,3,1),
(5,92,1,3,1),
(6,96,1,3,2),
(7,99,3,9,6),
(8,100,3,9,6),
(9,101,3,9,6),
(10,117,3,7,5),
(11,118,3,7,5),
(12,119,3,7,5),
(13,23,5,1,1),
(14,107,5,1,6),
(15,121,5,1,5),
(16,22,8,1,1),
(17,104,8,1,6),
(18,120,8,1,5),
(19,23,11,9,1),
(20,101,11,9,6),
(21,123,11,9,5),
(22,123,14,9,5),
(23,23,14,34,1),
(24,101,14,45,6),
(25,101,17,45,6),
(26,102,17,46,6),
(27,103,17,47,6),
(28,95,18,9,2),
(29,97,18,9,2),
(30,20,18,9,1),
(31,49,18,9,1),
(32,37,18,9,1),
(33,99,18,9,6),
(34,100,18,9,6),
(35,101,18,9,6),
(36,23,20,1,1),
(37,91,20,1,1),
(38,92,20,1,1),
(39,8,20,1,1),
(40,7,20,1,1),
(41,21,20,1,1),
(42,97,20,1,2),
(43,34,20,1,1),
(44,48,20,1,1),
(45,47,20,1,1),
(46,82,20,1,1),
(47,45,20,1,1),
(48,68,20,1,1),
(49,18,20,1,1),
(50,71,20,1,1),
(51,99,21,8,6),
(52,100,21,8,6),
(53,23,22,4,1),
(54,23,22,5,1),
(55,99,25,3,6),
(56,99,25,4,6),
(67,23,34,111,1),
(68,23,37,111,1),
(69,99,38,123,6),
(70,94,39,10,2),
(71,57,39,10,1),
(72,56,39,10,1),
(73,21,40,10,1),
(74,26,40,10,1),
(75,23,41,10,1),
(76,22,41,10,1),
(77,99,42,10,6),
(78,107,42,10,6),
(79,23,43,11,1),
(80,93,43,11,2),
(81,22,44,12,1),
(82,54,44,12,1),
(83,7,44,12,1),
(86,99,46,5,6),
(87,34,47,10,1),
(89,99,47,5,6),
(90,23,50,77,1),
(92,91,51,4,1),
(93,96,51,4,2),
(94,91,51,10,1),
(95,96,51,10,2),
(96,23,53,1,1),
(97,118,54,45,5),
(98,122,54,10,5),
(99,54,55,12,1),
(102,23,56,1,1),
(103,96,56,1,2),
(104,91,58,1,1),
(105,92,58,1,1),
(106,26,58,1,1),
(107,94,58,24,2),
(108,95,58,1,2),
(109,93,58,1,2),
(110,96,58,1,2),
(111,49,58,2,1),
(112,31,58,1,1),
(113,81,58,1,2),
(114,10,58,3,1),
(115,80,58,1,2),
(116,92,59,1,1),
(117,94,60,24,2),
(118,93,60,2,2),
(119,92,61,1,1),
(120,7,61,1,1),
(121,21,61,1,1),
(122,26,61,1,1),
(124,35,61,4,1),
(125,39,61,6,1),
(126,33,61,1,1),
(127,53,61,1,1),
(128,79,61,1,1),
(129,50,61,2,1),
(130,52,61,1,1),
(131,42,61,2,1),
(132,19,61,1,1),
(133,47,61,1,1),
(134,28,61,1,1),
(135,31,61,1,1),
(136,41,61,1,1),
(138,5,61,1,1),
(139,9,61,1,1),
(140,7,62,1,1),
(141,8,62,1,1),
(142,22,62,1,1),
(143,91,63,1,1),
(144,92,63,21,1),
(145,7,63,3,1),
(146,8,63,4,1),
(147,22,63,5,1),
(148,94,64,24,2),
(149,93,64,2,2),
(150,97,64,2,2),
(154,117,66,1,5),
(155,21,67,1,1),
(156,24,67,1,1),
(157,25,67,1,1),
(158,94,67,16,2),
(159,93,67,1,2),
(160,37,67,2,1),
(161,36,67,1,1),
(162,35,67,2,1),
(163,34,67,1,1),
(164,39,67,6,1),
(165,51,67,1,1),
(166,48,67,1,1),
(167,49,67,1,1),
(168,42,67,2,1),
(169,46,67,1,1),
(170,47,67,1,1),
(171,63,67,2,1),
(172,18,67,1,1),
(173,65,67,1,1),
(174,31,67,1,1),
(175,41,67,4,1),
(176,81,67,1,2),
(177,10,67,1,1),
(178,6,67,1,1),
(179,56,67,1,1),
(180,99,68,1,6),
(181,100,68,1,6),
(183,117,70,1,5),
(184,119,70,2,5),
(186,121,70,1,5),
(188,124,70,2,5),
(190,22,71,1,1),
(191,24,71,1,1),
(192,25,71,1,1),
(193,26,71,1,1),
(194,94,71,24,2),
(195,93,71,3,2),
(196,97,71,2,2),
(197,35,71,2,1),
(198,39,71,6,1),
(199,33,71,1,1),
(200,53,71,1,1),
(201,79,71,1,1),
(202,48,71,1,1),
(203,40,71,1,1),
(204,49,71,2,1),
(205,42,71,2,1),
(206,19,71,1,1),
(207,45,71,2,1),
(208,47,71,2,1),
(209,43,71,1,1),
(210,30,71,2,1),
(211,31,71,2,1),
(212,59,71,1,1),
(213,81,71,1,2),
(214,5,72,1,1),
(215,6,72,1,1),
(218,8,74,1,1),
(219,21,74,1,1),
(220,24,74,1,1),
(221,26,74,1,1),
(222,95,74,8,2),
(223,93,74,2,2),
(224,37,74,1,1),
(225,35,74,4,1),
(226,38,74,1,1),
(227,39,74,6,1),
(228,33,74,1,1),
(229,50,74,1,1),
(230,13,74,1,1),
(231,45,74,2,1),
(232,47,74,2,1),
(233,63,74,1,1),
(234,61,74,1,1),
(235,62,74,1,1),
(236,41,74,1,1),
(237,54,74,1,1),
(238,102,75,1,6),
(239,103,75,1,6),
(240,104,75,1,6),
(241,105,75,1,6),
(242,106,75,1,6),
(243,107,75,1,6),
(244,119,76,1,5),
(245,121,76,1,5),
(246,98,76,1,5),
(247,124,76,1,5),
(248,22,77,1,1),
(249,24,77,1,1),
(250,94,77,17,2),
(251,95,77,8,2),
(252,93,77,2,2),
(253,96,77,1,2),
(254,97,77,1,2),
(255,37,77,1,1),
(256,34,77,1,1),
(257,38,77,1,1),
(258,39,77,1,1),
(259,33,77,1,1),
(260,48,77,1,1),
(261,52,77,1,1),
(262,40,77,1,1),
(263,20,77,1,1),
(264,49,77,1,1),
(265,42,77,2,1),
(266,19,77,1,1),
(267,44,77,6,1),
(268,47,77,2,1),
(269,63,77,2,1),
(270,62,77,1,1),
(271,31,77,1,1),
(272,59,77,1,1),
(273,41,77,2,1),
(274,81,77,1,2),
(275,10,77,1,1),
(276,57,77,1,1),
(277,58,77,1,1),
(278,71,77,1,1),
(279,94,78,16,2),
(280,93,78,2,2),
(281,7,79,1,1),
(282,21,79,1,1),
(283,25,79,1,1),
(284,26,79,1,1),
(285,36,79,1,1),
(286,35,79,2,1),
(287,38,79,1,1),
(288,39,79,6,1),
(289,51,79,1,1),
(290,48,79,1,1),
(291,49,79,2,1),
(292,42,79,1,1),
(293,45,79,2,1),
(294,47,79,2,1),
(295,18,79,1,1),
(296,65,79,1,1),
(297,41,79,4,1),
(298,81,79,1,2),
(299,6,79,1,1),
(300,8,80,1,1),
(301,35,80,4,1),
(302,39,80,6,1),
(303,33,80,1,1),
(304,50,80,2,1),
(305,41,80,3,1),
(306,72,80,1,1),
(307,70,80,1,1),
(308,94,81,16,2),
(309,95,81,4,2),
(310,93,81,4,2),
(311,97,81,2,2),
(312,80,81,1,2),
(313,91,82,1,1),
(314,8,82,1,1),
(315,26,82,1,1),
(316,94,82,16,2),
(317,93,82,2,2),
(318,97,82,1,2),
(319,53,82,1,1),
(320,79,82,1,1),
(321,42,82,2,1),
(322,19,82,1,1),
(323,47,82,2,1),
(324,43,82,1,1),
(325,63,82,1,1),
(326,60,82,1,1),
(327,30,82,2,1),
(328,28,82,1,1),
(329,31,82,1,1),
(330,41,82,3,1),
(331,81,82,1,2),
(332,12,82,1,1),
(333,101,83,1,6),
(334,103,83,1,6),
(335,104,83,1,6),
(336,106,83,1,6),
(337,107,83,1,6),
(338,119,84,1,5),
(339,120,84,1,5),
(340,22,85,1,1),
(341,21,85,1,1),
(342,23,85,1,1),
(347,36,85,1,1),
(348,35,85,4,1),
(349,39,85,6,1),
(350,50,85,1,1),
(351,48,85,1,1),
(357,46,85,1,1),
(358,47,85,1,1),
(359,18,85,1,1),
(360,62,85,1,1),
(361,41,85,2,1),
(368,84,85,1,1),
(369,94,85,16,2),
(370,83,85,1,1),
(371,93,85,3,2),
(372,96,85,1,2),
(373,97,85,1,2),
(379,49,85,1,1),
(380,42,85,2,1),
(381,13,85,1,1),
(382,15,85,1,1),
(383,44,85,6,1),
(389,10,85,1,1),
(390,56,85,1,1),
(391,55,85,1,1),
(394,39,87,6,1),
(395,33,87,2,1),
(396,79,87,1,1),
(397,50,87,2,1),
(398,40,87,1,1),
(399,49,87,1,1),
(400,45,87,2,1),
(401,47,87,2,1),
(402,63,87,1,1),
(403,41,87,1,1),
(404,82,87,1,1),
(405,94,88,16,2),
(406,93,88,3,2),
(407,97,88,2,2),
(408,81,88,1,2),
(409,8,89,1,1),
(410,21,89,1,1),
(411,24,89,1,1),
(412,25,89,1,1),
(413,26,89,1,1),
(414,35,89,2,1),
(415,34,89,1,1),
(416,53,89,1,1),
(417,48,89,1,1),
(418,20,89,1,1),
(419,42,89,2,1),
(420,17,89,1,1),
(421,19,89,1,1),
(422,47,89,2,1),
(423,43,89,1,1),
(424,63,89,2,1),
(425,65,89,1,1),
(426,30,89,1,1),
(427,31,89,1,1),
(428,75,89,1,1),
(429,59,89,1,1),
(430,41,89,3,1),
(431,9,89,1,1),
(432,21,90,1,1),
(433,24,90,1,1),
(434,94,90,16,2),
(435,93,90,2,2),
(436,96,90,1,2),
(437,97,90,1,2),
(438,48,90,1,1),
(439,49,90,1,1),
(440,42,90,1,1),
(441,44,90,6,1),
(442,59,90,1,1),
(443,41,90,3,1),
(444,81,90,1,2),
(445,58,90,1,1),
(446,72,90,1,1),
(447,94,91,16,2),
(448,93,91,3,2),
(454,33,92,1,1),
(455,53,92,1,1),
(456,79,92,1,1),
(457,51,92,1,1),
(458,50,92,1,1),
(465,41,92,2,1),
(466,7,92,1,1),
(467,22,92,1,1),
(468,35,92,4,1),
(469,38,92,1,1),
(470,39,92,6,1),
(476,49,92,1,1),
(477,42,92,1,1),
(478,44,92,1,1),
(479,45,92,2,1),
(480,47,92,2,1),
(481,18,92,1,1),
(483,94,94,16,2),
(484,93,94,4,2),
(485,97,94,2,2),
(486,81,94,1,2),
(487,92,95,2,1),
(488,8,95,2,1),
(489,21,95,2,1),
(490,8,96,1,1),
(491,21,96,1,1),
(492,25,96,1,1),
(493,26,96,1,1),
(494,94,96,16,2),
(495,93,96,3,2),
(496,37,96,2,1),
(497,36,96,1,1),
(498,35,96,4,1),
(499,34,96,1,1),
(500,39,96,6,1),
(501,33,96,1,1),
(502,48,96,1,1),
(503,49,96,1,1),
(504,42,96,2,1),
(505,13,96,1,1),
(506,15,96,1,1),
(507,16,96,1,1),
(508,19,96,1,1),
(509,46,96,1,1),
(510,47,96,2,1),
(511,63,96,2,1),
(512,62,96,1,1),
(513,31,96,1,1),
(514,41,96,3,1),
(515,81,96,1,2),
(516,5,96,1,1),
(517,80,96,1,2),
(518,73,96,1,1),
(519,8,96,1,1),
(520,21,96,1,1),
(521,25,96,1,1),
(522,26,96,1,1),
(523,94,96,16,2),
(524,93,96,3,2),
(525,37,96,2,1),
(526,36,96,1,1),
(527,35,96,4,1),
(528,34,96,1,1),
(529,39,96,6,1),
(530,33,96,1,1),
(531,48,96,1,1),
(532,49,96,1,1),
(533,42,96,2,1),
(534,13,96,1,1),
(535,15,96,1,1),
(536,16,96,1,1),
(537,19,96,1,1),
(538,46,96,1,1),
(539,47,96,2,1),
(540,63,96,2,1),
(541,62,96,1,1),
(542,31,96,1,1),
(543,41,96,3,1),
(544,81,96,1,2),
(545,5,96,1,1),
(546,80,96,1,2),
(547,73,96,1,1),
(548,99,98,1,6),
(549,100,98,1,6),
(550,104,98,1,6),
(551,106,98,1,6),
(565,91,111,2,1),
(566,84,111,2,1),
(567,101,111,44,6),
(569,23,115,22,1),
(570,102,115,22,6),
(575,118,117,1,5),
(576,119,117,1,5),
(577,121,117,1,5),
(578,98,117,1,5),
(579,123,117,1,5),
(580,124,117,1,5),
(581,22,118,1,1),
(582,21,118,1,1),
(583,24,118,1,1),
(584,94,118,16,2),
(585,93,118,3,2),
(586,96,118,1,2),
(587,37,118,2,1),
(588,35,118,2,1),
(589,38,118,1,1),
(590,39,118,6,1),
(591,79,118,1,1),
(592,50,118,1,1),
(593,48,118,1,1),
(594,40,118,1,1),
(595,49,118,1,1),
(596,42,118,1,1),
(597,45,118,2,1),
(598,47,118,2,1),
(599,18,118,1,1),
(600,65,118,1,1),
(601,31,118,2,1),
(602,81,118,3,2),
(603,91,119,1,1),
(604,92,119,1,1),
(605,8,119,1,1),
(606,26,119,1,1),
(607,39,119,6,1),
(608,33,119,1,1),
(609,49,119,1,1),
(610,19,119,1,1),
(611,44,119,6,1),
(612,45,119,2,1),
(613,47,119,1,1),
(614,30,119,2,1),
(615,28,119,1,1),
(616,41,119,3,1),
(617,82,119,1,1),
(618,9,119,1,1),
(619,88,119,1,1),
(620,85,119,1,1),
(621,28,120,1,1),
(622,94,121,16,2),
(623,93,121,4,2),
(624,97,121,1,2),
(625,22,122,1,1),
(626,21,122,1,1),
(627,24,122,1,1),
(628,94,122,16,2),
(629,95,122,4,2),
(630,93,122,2,2),
(631,36,122,1,1),
(632,35,122,2,1),
(633,38,122,1,1),
(634,39,122,6,1),
(635,33,122,1,1),
(636,53,122,1,1),
(637,79,122,1,1),
(638,48,122,1,1),
(639,49,122,1,1),
(640,42,122,2,1),
(641,19,122,1,1),
(642,44,122,6,1),
(643,47,122,2,1),
(644,63,122,2,1),
(645,18,122,1,1),
(646,62,122,2,1),
(647,67,122,1,1),
(648,30,122,1,1),
(649,31,122,1,1),
(650,41,122,4,1),
(651,80,122,1,2),
(652,56,122,1,1),
(653,71,122,1,1),
(654,99,123,2,6),
(655,100,123,1,6),
(656,103,123,1,6),
(657,8,124,1,1),
(658,21,124,1,1),
(659,23,124,1,1),
(660,25,124,1,1),
(661,94,124,24,2),
(662,95,124,6,2),
(663,93,124,3,2),
(664,97,124,2,2),
(665,36,124,1,1),
(666,35,124,4,1),
(667,34,124,1,1),
(668,38,124,1,1),
(669,39,124,9,1),
(670,51,124,1,1),
(671,50,124,2,1),
(672,48,124,2,1),
(673,40,124,1,1),
(674,20,124,1,1),
(675,49,124,2,1),
(676,42,124,2,1),
(677,13,124,1,1),
(678,19,124,1,1),
(679,44,124,10,1),
(680,45,124,2,1),
(681,47,124,2,1),
(682,43,124,1,1),
(683,63,124,1,1),
(684,41,124,3,1),
(685,81,124,1,2),
(686,82,124,1,1),
(687,5,124,1,1),
(688,57,124,1,1),
(689,80,124,1,2),
(690,10,125,1,1),
(691,22,126,1,1),
(692,21,126,1,1),
(693,24,126,1,1),
(700,35,126,4,1),
(701,34,126,1,1),
(702,39,126,3,1),
(703,33,126,1,1),
(704,49,126,1,1),
(710,26,126,1,1),
(711,94,126,16,2),
(712,95,126,8,2),
(713,93,126,4,2),
(714,97,126,1,2),
(715,37,126,1,1),
(721,42,126,2,1),
(738,14,126,1,1),
(739,63,126,1,1),
(740,18,126,1,1),
(741,61,126,1,1),
(742,65,126,1,1),
(743,30,126,3,1),
(744,59,126,1,1),
(745,41,126,4,1),
(746,12,126,1,1),
(747,86,126,1,1),
(748,85,126,1,1),
(749,99,127,1,6),
(750,104,127,1,6),
(751,106,127,1,6),
(752,94,128,16,2),
(753,93,128,2,2),
(754,97,128,1,2),
(755,7,129,1,1),
(756,8,129,1,1),
(757,26,129,1,1),
(758,94,129,16,2),
(759,93,129,2,2),
(760,96,129,1,2),
(761,35,129,4,1),
(762,33,129,1,1),
(763,53,129,1,1),
(764,50,129,1,1),
(765,40,129,1,1),
(766,42,129,1,1),
(767,19,129,1,1),
(768,44,129,6,1),
(769,45,129,2,1),
(770,46,129,1,1),
(771,47,129,2,1),
(772,31,129,1,1),
(773,41,129,4,1),
(774,81,129,2,2),
(775,80,129,2,2),
(776,9,129,1,1),
(777,73,129,1,1),
(778,72,129,1,1),
(779,21,130,1,1),
(780,35,130,4,1),
(781,49,130,1,1),
(782,42,130,1,1),
(783,18,130,1,1),
(784,9,130,1,1),
(785,94,131,24,2),
(786,93,131,6,2),
(787,97,131,2,2),
(788,118,132,1,5),
(789,119,132,1,5),
(790,121,132,1,5),
(791,120,132,1,5),
(792,98,132,1,5),
(793,123,132,1,5),
(794,124,132,1,5),
(795,21,133,1,1),
(796,25,133,1,1),
(798,34,133,1,1),
(799,38,133,1,1),
(800,39,133,6,1),
(801,49,133,1,1),
(802,19,133,1,1),
(803,44,133,6,1),
(804,47,133,2,1),
(805,28,133,1,1),
(806,31,133,1,1),
(807,59,133,1,1),
(808,74,133,1,1),
(809,41,133,2,1),
(810,81,133,1,2),
(811,35,133,4,1),
(812,94,134,16,2),
(813,93,134,2,2),
(814,96,134,1,2),
(815,8,135,1,1),
(816,35,135,2,1),
(817,53,135,1,1),
(818,79,135,1,1),
(819,51,135,1,1),
(820,50,135,1,1),
(821,48,135,1,1),
(822,42,135,2,1),
(823,13,135,1,1),
(824,44,135,6,1),
(825,45,135,2,1),
(826,47,135,2,1),
(827,43,135,1,1),
(828,6,135,1,1),
(829,21,136,1,1),
(830,26,136,1,1),
(832,33,136,1,1),
(833,49,136,1,1),
(834,42,136,1,1),
(835,15,136,1,1),
(836,19,136,1,1),
(837,47,136,2,1),
(838,63,136,2,1),
(839,18,136,1,1),
(840,65,136,1,1),
(841,31,136,1,1),
(842,59,136,1,1),
(843,41,136,3,1),
(844,82,136,1,1),
(845,94,137,16,2),
(846,93,137,6,2),
(847,97,137,2,2),
(848,22,138,1,1),
(849,24,138,1,1),
(850,25,138,1,1),
(851,37,138,3,1),
(852,34,138,1,1),
(853,39,138,6,1),
(854,45,138,2,1),
(855,47,138,2,1),
(856,63,138,1,1),
(857,41,138,2,1),
(858,57,138,1,1),
(859,56,138,1,1),
(860,55,138,1,1),
(861,68,138,1,1),
(862,71,138,1,1),
(863,94,139,8,2),
(864,93,139,1,2),
(865,96,139,1,2),
(869,81,139,1,2),
(870,8,140,1,1),
(871,21,140,1,1),
(872,24,140,1,1),
(873,20,140,1,1),
(874,49,140,1,1),
(875,64,140,1,1),
(876,75,140,1,1),
(877,41,140,2,1),
(878,10,140,1,1),
(879,84,140,1,1),
(880,83,140,1,1),
(881,94,141,16,2),
(882,93,141,2,2),
(883,37,141,2,1),
(884,36,141,1,1),
(885,35,141,4,1),
(886,38,141,1,1),
(887,39,141,6,1),
(888,33,141,1,1),
(889,50,141,1,1),
(890,48,141,1,1),
(891,40,141,1,1),
(892,42,141,1,1),
(893,44,141,6,1),
(894,46,141,1,1),
(895,47,141,2,1),
(896,18,141,1,1),
(897,61,141,1,1),
(898,41,141,1,1),
(899,80,141,1,2),
(900,22,142,1,1),
(901,21,142,1,1),
(902,23,142,1,1),
(903,50,142,1,1),
(904,49,142,1,1),
(905,19,142,1,1),
(906,47,142,1,1),
(907,62,142,1,1),
(908,30,142,3,1),
(909,31,142,1,1),
(910,59,142,1,1),
(911,5,142,1,1),
(912,94,143,8,2),
(913,93,143,1,2),
(914,96,143,1,2),
(915,97,143,2,2),
(916,81,143,1,2),
(917,99,144,1,6),
(918,100,144,1,6),
(919,103,144,1,6),
(920,104,144,1,6),
(921,106,144,1,6),
(922,107,144,1,6),
(923,7,145,1,1),
(924,22,145,1,1),
(925,21,145,1,1),
(926,94,145,16,2),
(927,93,145,3,2),
(928,97,145,1,2),
(929,35,145,4,1),
(930,34,145,1,1),
(931,38,145,1,1),
(932,39,145,6,1),
(933,33,145,1,1),
(934,52,145,1,1),
(935,42,145,1,1),
(936,16,145,1,1),
(937,44,145,6,1),
(938,47,145,3,1),
(939,41,145,5,1),
(940,12,145,1,1),
(941,9,145,1,1),
(942,70,145,1,1),
(943,91,146,1,1),
(944,92,146,1,1),
(945,7,146,1,1),
(946,8,146,1,1),
(947,26,146,1,1),
(948,94,146,16,2),
(949,93,146,2,2),
(950,96,146,1,2),
(951,35,146,4,1),
(952,53,146,1,1),
(953,79,146,1,1),
(954,40,146,1,1),
(955,49,146,1,1),
(956,42,146,2,1),
(957,44,146,20,1),
(958,45,146,2,1),
(959,47,146,2,1),
(960,63,146,1,1),
(961,18,146,1,1),
(962,65,146,1,1),
(963,75,146,1,1),
(964,59,146,1,1),
(965,81,146,1,2),
(966,80,146,1,2),
(967,73,146,1,1),
(968,72,146,1,1),
(969,84,146,1,1),
(970,7,147,1,1),
(971,8,147,1,1),
(972,21,147,1,1),
(973,24,147,1,1),
(974,25,147,1,1),
(975,26,147,1,1),
(976,94,147,16,2),
(977,95,147,4,2),
(978,93,147,3,2),
(979,96,147,1,2),
(980,97,147,1,2),
(981,35,147,4,1),
(982,39,147,3,1),
(983,33,147,1,1),
(984,53,147,1,1),
(985,79,147,1,1),
(986,49,147,1,1),
(987,42,147,2,1),
(988,17,147,1,1),
(989,44,147,6,1),
(990,45,147,2,1),
(991,47,147,2,1),
(992,43,147,1,1),
(993,63,147,1,1),
(994,18,147,1,1),
(995,31,147,1,1),
(996,41,147,2,1),
(997,81,147,1,2),
(998,72,147,1,1),
(999,94,148,8,2),
(1000,97,148,1,2),
(1001,34,148,1,1),
(1002,38,148,1,1),
(1003,39,148,6,1),
(1004,51,148,1,1),
(1005,48,148,1,1),
(1006,49,148,1,1),
(1007,42,148,2,1),
(1008,19,148,1,1),
(1009,44,148,6,1),
(1010,45,148,2,1),
(1011,47,148,2,1),
(1012,65,148,1,1),
(1013,28,148,1,1),
(1014,41,148,3,1),
(1015,82,148,1,1),
(1016,10,148,1,1),
(1017,80,148,1,2),
(1018,73,148,1,1),
(1019,91,149,99,1),
(1020,92,149,99,1),
(1021,7,149,99,1),
(1022,91,150,99,1),
(1023,92,150,99,1),
(1024,7,150,99,1),
(1025,22,151,1,1),
(1026,21,151,1,1),
(1028,35,151,4,1),
(1029,39,151,6,1),
(1030,33,151,1,1),
(1031,51,151,1,1),
(1032,52,151,1,1),
(1033,49,151,1,1),
(1034,42,151,1,1),
(1035,63,151,1,1),
(1036,65,151,1,1),
(1037,60,151,1,1),
(1038,31,151,1,1),
(1039,41,151,2,1),
(1041,9,151,1,1),
(1042,73,151,1,1),
(1043,8,152,1,1),
(1044,23,152,1,1),
(1045,24,152,1,1),
(1046,94,152,16,2),
(1047,93,152,3,2),
(1048,96,152,1,2),
(1049,97,152,1,2),
(1050,37,152,2,1),
(1051,36,152,1,1),
(1052,39,152,6,1),
(1053,53,152,1,1),
(1054,79,152,1,1),
(1055,48,152,1,1),
(1056,46,152,1,1),
(1057,47,152,1,1),
(1058,63,152,1,1),
(1059,62,152,1,1),
(1060,30,152,3,1),
(1061,31,152,2,1),
(1062,27,152,1,1),
(1063,74,152,1,1),
(1064,41,152,2,1),
(1065,81,152,1,2),
(1066,5,152,1,1),
(1067,80,152,1,2),
(1068,54,152,1,1),
(1069,104,153,1,6),
(1070,105,153,1,6),
(1071,106,153,1,6),
(1072,8,154,1,1),
(1073,39,154,6,1),
(1074,53,154,1,1),
(1075,79,154,1,1),
(1076,51,154,1,1),
(1077,48,154,1,1),
(1078,52,154,1,1),
(1079,40,154,1,1),
(1080,13,154,1,1),
(1081,15,154,1,1),
(1082,46,154,1,1),
(1083,47,154,1,1),
(1084,62,154,1,1),
(1085,30,154,3,1),
(1086,31,154,1,1),
(1087,41,154,2,1),
(1088,10,154,1,1),
(1089,57,154,1,1),
(1090,21,155,1,1),
(1091,23,155,1,1),
(1092,25,155,1,1),
(1093,26,155,1,1),
(1094,94,155,16,2),
(1095,93,155,3,2),
(1096,97,155,1,2),
(1097,37,155,3,1),
(1098,36,155,1,1),
(1099,49,155,1,1),
(1100,42,155,1,1),
(1101,19,155,1,1),
(1102,43,155,1,1),
(1103,63,155,2,1),
(1104,18,155,1,1),
(1105,67,155,1,1),
(1106,74,155,1,1),
(1107,41,155,2,1),
(1108,81,155,1,2),
(1109,58,155,1,1),
(1110,54,155,1,1),
(1111,88,155,1,1),
(1112,83,155,1,1),
(1113,7,156,1,1),
(1114,8,156,1,1),
(1115,22,156,1,1),
(1116,21,156,1,1),
(1117,94,156,16,2),
(1118,93,156,3,2),
(1119,96,156,1,2),
(1120,37,156,1,1),
(1121,35,156,2,1),
(1122,34,156,1,1),
(1123,39,156,6,1),
(1124,33,156,1,1),
(1125,48,156,1,1),
(1126,52,156,1,1),
(1127,49,156,1,1),
(1128,42,156,2,1),
(1129,47,156,2,1),
(1130,63,156,1,1),
(1131,81,156,1,2),
(1132,5,156,1,1),
(1133,80,156,1,2),
(1134,117,157,1,5),
(1135,118,157,1,5),
(1136,119,157,1,5),
(1137,121,157,1,5),
(1138,120,157,1,5),
(1139,98,157,1,5),
(1140,122,157,1,5),
(1141,123,157,1,5),
(1142,124,157,1,5),
(1143,21,158,1,1),
(1144,24,158,1,1),
(1145,94,158,16,2),
(1146,93,158,3,2),
(1147,97,158,2,2),
(1148,35,158,4,1),
(1149,34,158,1,1),
(1150,38,158,1,1),
(1151,39,158,7,1),
(1152,33,158,1,1),
(1153,53,158,1,1),
(1154,79,158,1,1),
(1155,51,158,1,1),
(1156,50,158,1,1),
(1157,42,158,2,1),
(1158,47,158,2,1),
(1159,59,158,1,1),
(1160,41,158,4,1),
(1161,81,158,1,2),
(1162,56,158,1,1),
(1163,55,158,1,1),
(1164,24,159,1,1),
(1165,25,159,1,1),
(1166,26,159,1,1),
(1167,94,159,16,2),
(1168,93,159,4,2),
(1169,97,159,1,2),
(1170,35,159,4,1),
(1171,48,159,1,1),
(1172,40,159,1,1),
(1173,20,159,1,1),
(1174,49,159,1,1),
(1175,42,159,1,1),
(1176,19,159,1,1),
(1177,63,159,2,1),
(1178,18,159,1,1),
(1179,30,159,3,1),
(1180,31,159,1,1),
(1181,59,159,1,1),
(1182,41,159,4,1),
(1183,81,159,1,2),
(1184,10,159,1,1),
(1185,12,159,1,1),
(1186,5,159,1,1),
(1187,80,159,1,2),
(1188,72,159,1,1),
(1189,99,160,1,6),
(1190,8,161,1,1),
(1191,22,161,1,1),
(1192,21,161,1,1),
(1193,94,161,16,2),
(1194,93,161,4,2),
(1195,96,161,1,2),
(1196,97,161,2,2),
(1197,37,161,2,1),
(1198,39,161,6,1),
(1199,33,161,1,1),
(1200,53,161,1,1),
(1201,49,161,1,1),
(1202,42,161,1,1),
(1203,19,161,1,1),
(1204,47,161,2,1),
(1205,63,161,1,1),
(1206,62,161,1,1),
(1207,65,161,1,1),
(1208,31,161,2,1),
(1209,41,161,4,1),
(1210,81,161,1,2),
(1211,58,161,1,1),
(1212,71,161,1,1),
(1213,35,162,4,1),
(1214,34,162,1,1),
(1215,48,162,1,1),
(1216,28,162,1,1),
(1217,41,162,1,1),
(1218,8,163,1,1),
(1219,21,163,1,1),
(1220,24,163,1,1),
(1221,94,163,16,2),
(1222,93,163,2,2),
(1223,36,163,1,1),
(1224,35,163,2,1),
(1225,38,163,1,1),
(1226,39,163,6,1),
(1227,33,163,1,1),
(1228,49,163,1,1),
(1229,42,163,2,1),
(1230,45,163,2,1),
(1231,46,163,1,1),
(1232,47,163,2,1),
(1233,43,163,1,1),
(1234,75,163,1,1),
(1235,59,163,1,1),
(1236,41,163,2,1),
(1237,81,163,1,2),
(1238,82,163,1,1),
(1239,99,164,1,6),
(1240,100,164,1,6),
(1241,106,164,1,6),
(1242,107,164,1,6),
(1246,26,165,1,1),
(1247,94,165,24,2),
(1248,93,165,2,2),
(1249,97,165,2,2),
(1250,35,165,4,1),
(1251,38,165,1,1),
(1252,39,165,6,1),
(1253,33,165,1,1),
(1256,22,165,1,1),
(1257,21,165,1,1),
(1258,25,165,1,1),
(1267,79,165,1,1),
(1268,50,165,1,1),
(1269,40,165,1,1),
(1270,49,165,1,1),
(1271,42,165,2,1),
(1272,13,165,1,1),
(1273,19,165,1,1),
(1274,44,165,10,1),
(1275,47,165,2,1),
(1276,63,165,2,1),
(1277,18,165,1,1),
(1278,30,165,1,1),
(1279,41,165,3,1),
(1280,81,165,1,2),
(1281,10,165,1,1),
(1282,91,166,1,1),
(1283,7,166,1,1),
(1284,8,166,1,1),
(1285,22,166,1,1),
(1286,21,166,1,1),
(1287,23,166,1,1),
(1288,94,166,16,2),
(1289,97,166,2,2),
(1290,33,166,1,1),
(1291,53,166,1,1),
(1292,48,166,1,1),
(1293,20,166,1,1),
(1294,49,166,1,1),
(1295,42,166,2,1),
(1296,45,166,2,1),
(1297,47,166,2,1),
(1298,63,166,1,1),
(1299,18,166,1,1),
(1300,62,166,1,1),
(1301,30,166,3,1),
(1302,31,166,2,1),
(1303,59,166,1,1),
(1304,41,166,4,1),
(1305,80,166,1,2),
(1306,56,166,1,1),
(1307,9,166,1,1),
(1308,73,166,1,1),
(1309,92,167,1,1),
(1310,34,167,1,1),
(1311,39,167,6,1),
(1312,33,167,1,1),
(1313,50,167,1,1),
(1314,42,167,1,1),
(1315,45,167,2,1),
(1316,47,167,1,1),
(1317,63,167,2,1),
(1318,41,167,2,1),
(1319,82,167,1,1),
(1320,10,167,1,1),
(1321,72,167,1,1),
(1322,94,168,16,2),
(1323,93,168,1,2),
(1324,21,169,1,1),
(1325,24,169,1,1),
(1326,96,169,1,2),
(1327,97,169,1,2),
(1328,37,169,3,1),
(1329,38,169,1,1),
(1330,79,169,1,1),
(1331,48,169,1,1),
(1332,49,169,1,1),
(1333,42,169,1,1),
(1334,19,169,1,1),
(1335,44,169,10,1),
(1336,47,169,2,1),
(1337,18,169,1,1),
(1338,62,169,1,1),
(1339,27,169,1,1),
(1340,74,169,1,1),
(1341,41,169,3,1),
(1342,81,169,1,2),
(1343,80,169,1,2),
(1344,68,169,1,1),
(1345,8,170,1,1),
(1351,35,170,4,1),
(1362,93,170,2,2),
(1370,22,170,1,1),
(1371,21,170,1,1),
(1372,25,170,1,1),
(1373,94,170,18,2),
(1376,39,170,6,1),
(1377,33,170,1,1),
(1378,79,170,1,1),
(1379,51,170,1,1),
(1380,50,170,1,1),
(1381,49,170,1,1),
(1382,42,170,2,1),
(1383,43,170,1,1),
(1384,65,170,1,1),
(1385,28,170,1,1),
(1386,41,170,1,1),
(1387,10,170,1,1),
(1388,57,170,1,1),
(1389,26,171,1,1),
(1390,34,171,1,1),
(1391,39,171,6,1),
(1392,40,171,1,1),
(1393,42,171,1,1),
(1394,47,171,2,1),
(1395,63,171,2,1),
(1396,64,171,1,1),
(1397,30,171,1,1),
(1398,31,171,2,1),
(1399,59,171,2,1),
(1400,41,171,4,1),
(1401,12,171,1,1),
(1402,73,171,1,1),
(1403,101,172,1,6),
(1404,103,172,1,6),
(1406,22,173,1,1),
(1407,21,173,1,1),
(1408,24,173,1,1),
(1409,25,173,1,1),
(1410,36,173,1,1),
(1411,35,173,4,1),
(1412,39,173,6,1),
(1413,33,173,1,1),
(1414,53,173,1,1),
(1415,50,173,1,1),
(1416,49,173,1,1),
(1417,15,173,1,1),
(1418,19,173,1,1),
(1419,44,173,6,1),
(1420,18,173,1,1),
(1421,61,173,1,1),
(1423,8,173,1,1),
(1427,94,174,32,2),
(1428,93,174,2,2),
(1429,97,174,2,2),
(1430,81,175,1,2),
(1431,21,176,1,1),
(1432,26,176,1,1),
(1433,35,176,2,1),
(1434,33,176,1,1),
(1435,48,176,1,1),
(1436,49,176,1,1),
(1437,47,176,2,1),
(1438,41,176,2,1),
(1439,82,176,1,1),
(1440,56,176,1,1),
(1441,9,176,1,1),
(1442,70,176,1,1),
(1443,21,177,1,1),
(1444,24,177,1,1),
(1445,93,177,1,2),
(1446,96,177,1,2),
(1447,38,177,1,1),
(1448,48,177,1,1),
(1449,42,177,2,1),
(1450,13,177,1,1),
(1451,45,177,2,1),
(1452,46,177,1,1),
(1453,47,177,2,1),
(1454,63,177,1,1),
(1455,65,177,1,1),
(1456,59,177,1,1),
(1457,41,177,3,1),
(1458,81,177,1,2),
(1459,5,177,1,1),
(1460,7,178,1,1),
(1461,8,178,1,1),
(1462,22,178,1,1),
(1463,35,178,2,1),
(1464,34,178,1,1),
(1465,33,178,1,1),
(1466,50,178,1,1),
(1467,52,178,10,1),
(1468,20,178,1,1),
(1469,49,178,1,1),
(1470,42,178,2,1),
(1471,44,178,12,1),
(1472,30,178,2,1),
(1473,41,178,1,1),
(1474,72,178,1,1),
(1475,71,178,1,1),
(1476,88,178,1,1),
(1477,94,179,16,2),
(1478,97,179,2,2),
(1479,7,180,1,1),
(1480,21,180,1,1),
(1481,24,180,1,1),
(1482,25,180,1,1),
(1483,93,180,1,2),
(1484,96,180,1,2),
(1485,37,180,1,1),
(1486,35,180,2,1),
(1487,39,180,3,1),
(1488,53,180,1,1),
(1489,79,180,1,1),
(1490,42,180,1,1),
(1491,45,180,2,1),
(1492,47,180,2,1),
(1493,43,180,1,1),
(1494,63,180,2,1),
(1495,18,180,1,1),
(1496,41,180,3,1),
(1497,81,180,1,2),
(1498,22,181,1,1),
(1499,21,181,1,1),
(1500,23,181,1,1),
(1501,94,181,16,2),
(1502,93,181,1,2),
(1503,97,181,1,2),
(1504,35,181,2,1),
(1505,38,181,1,1),
(1506,39,181,3,1),
(1507,51,181,1,1),
(1508,40,181,1,1),
(1509,49,181,1,1),
(1510,17,181,1,1),
(1511,19,181,1,1),
(1512,67,181,2,1),
(1513,10,181,1,1),
(1514,55,181,1,1),
(1515,9,181,1,1),
(1516,33,182,1,1),
(1517,51,182,1,1),
(1518,50,182,1,1),
(1519,41,182,4,1),
(1520,73,182,1,1),
(1521,118,183,1,5),
(1522,119,183,1,5),
(1523,121,183,1,5),
(1524,120,183,1,5),
(1525,98,183,1,5),
(1526,122,183,1,5),
(1527,123,183,1,5),
(1528,124,183,1,5),
(1529,94,184,16,2),
(1530,93,184,2,2),
(1531,97,184,1,2),
(1532,81,184,1,2),
(1533,80,184,1,2),
(1534,8,185,1,1),
(1535,21,185,1,1),
(1536,24,185,1,1),
(1537,26,185,1,1),
(1538,35,185,2,1),
(1539,34,185,1,1),
(1540,39,185,3,1),
(1541,53,185,1,1),
(1542,79,185,1,1),
(1543,49,185,1,1),
(1544,42,185,2,1),
(1545,47,185,2,1),
(1546,18,185,1,1),
(1547,62,185,1,1),
(1548,59,185,1,1),
(1549,58,185,1,1),
(1550,41,186,4,1),
(1551,94,187,8,2),
(1552,93,187,1,2),
(1553,22,188,1,1),
(1554,21,188,1,1),
(1555,24,188,1,1),
(1556,37,188,1,1),
(1557,35,188,2,1),
(1558,38,188,1,1),
(1559,39,188,3,1),
(1560,50,188,1,1),
(1561,48,188,1,1),
(1562,52,188,1,1),
(1563,16,188,1,1),
(1564,45,188,2,1),
(1565,47,188,2,1),
(1566,63,188,2,1),
(1567,31,188,1,1),
(1568,59,188,2,1),
(1569,29,188,1,1),
(1570,41,188,4,1),
(1571,12,188,1,1),
(1572,84,188,1,1),
(1573,91,189,1,1),
(1574,94,189,16,2),
(1575,93,189,2,2),
(1576,97,189,1,2),
(1577,35,189,4,1),
(1578,39,189,6,1),
(1579,33,189,1,1),
(1580,52,189,1,1),
(1581,49,189,1,1),
(1582,42,189,2,1),
(1583,19,189,1,1),
(1584,77,189,1,1),
(1585,28,189,1,1),
(1586,31,189,1,1),
(1587,75,189,1,1),
(1588,81,189,1,2),
(1589,82,189,1,1),
(1590,10,189,1,1),
(1591,5,189,1,1),
(1592,21,190,1,1),
(1593,94,190,16,2),
(1594,93,190,1,2),
(1595,97,190,1,2),
(1596,35,190,2,1),
(1597,34,190,1,1),
(1598,39,190,6,1),
(1599,33,190,1,1),
(1600,52,190,1,1),
(1601,42,190,2,1),
(1602,13,190,1,1),
(1603,47,190,2,1),
(1604,63,190,2,1),
(1605,77,190,1,1),
(1606,81,190,1,2),
(1607,10,190,1,1),
(1608,99,191,1,6),
(1609,100,191,1,6),
(1610,104,191,1,6),
(1611,105,191,1,6),
(1612,106,191,1,6),
(1613,107,191,1,6),
(1614,22,192,1,1),
(1615,36,192,1,1),
(1616,48,192,1,1),
(1617,40,192,1,1),
(1618,20,192,1,1),
(1619,49,192,1,1),
(1620,42,192,1,1),
(1621,15,192,1,1),
(1622,45,192,2,1),
(1623,47,192,2,1),
(1624,18,192,1,1),
(1625,31,192,1,1),
(1626,59,192,1,1),
(1627,41,192,4,1),
(1628,57,192,1,1),
(1629,56,192,1,1),
(1630,9,192,1,1),
(1631,73,192,1,1),
(1632,72,192,1,1),
(1633,21,193,1,1),
(1634,25,193,1,1),
(1635,94,193,16,2),
(1636,93,193,1,2),
(1637,97,193,1,2),
(1638,35,193,2,1),
(1639,50,193,1,1),
(1640,42,193,1,1),
(1641,44,193,10,1),
(1642,47,193,1,1),
(1643,43,193,1,1),
(1644,10,193,1,1),
(1645,7,194,1,1),
(1646,8,194,1,1),
(1647,24,194,1,1),
(1648,26,194,1,1),
(1649,94,194,16,2),
(1650,93,194,1,2),
(1651,35,194,2,1),
(1652,38,194,1,1),
(1653,51,194,1,1),
(1654,49,194,1,1),
(1655,42,194,1,1),
(1656,19,194,1,1),
(1657,44,194,10,1),
(1658,63,194,2,1),
(1659,62,194,1,1),
(1660,60,194,1,1),
(1661,67,194,1,1),
(1662,41,194,3,1),
(1663,81,194,1,2),
(1664,80,194,1,2),
(1665,94,195,8,2),
(1666,93,195,1,2),
(1667,97,195,2,2),
(1668,81,195,1,2),
(1669,94,195,8,2),
(1670,22,196,1,1),
(1671,21,196,1,1),
(1672,94,196,16,2),
(1673,93,196,1,2),
(1674,96,196,1,2),
(1675,35,196,2,1),
(1676,34,196,1,1),
(1677,39,196,6,1),
(1678,33,196,1,1),
(1679,50,196,1,1),
(1680,48,196,1,1),
(1681,49,196,1,1),
(1682,42,196,2,1),
(1683,45,196,2,1),
(1684,46,196,1,1),
(1685,18,196,1,1),
(1686,60,196,1,1),
(1687,77,196,1,1),
(1688,78,196,1,1),
(1689,76,196,1,1),
(1690,41,196,3,1),
(1691,5,196,1,1),
(1692,88,196,1,1),
(1693,87,196,1,1),
(1694,23,197,1,1),
(1695,24,197,1,1),
(1696,25,197,1,1),
(1697,26,197,1,1),
(1698,94,197,16,2),
(1699,93,197,2,2),
(1700,35,197,2,1),
(1701,48,197,1,1),
(1702,52,197,1,1),
(1703,14,197,1,1),
(1704,47,197,2,1),
(1705,63,197,2,1),
(1706,65,197,1,1),
(1707,60,197,1,1),
(1708,77,197,1,1),
(1709,31,197,2,1),
(1710,59,197,1,1),
(1711,41,197,3,1),
(1712,88,197,1,1),
(1713,139,198,3,7),
(1714,129,198,1,7),
(1715,130,198,1,7),
(1716,132,198,3,7),
(1717,133,198,1,7),
(1718,135,198,2,7),
(1719,138,198,1,7),
(1720,127,198,1,7),
(1721,126,198,1,7),
(1722,125,198,1,7),
(1727,93,199,1,2),
(1728,97,199,1,2),
(1734,49,199,1,1),
(1736,19,199,1,1),
(1738,47,199,1,1),
(1742,81,199,1,2),
(1743,80,199,1,2),
(1744,8,199,1,1),
(1745,22,199,1,1),
(1746,21,199,1,1),
(1747,96,199,1,2),
(1749,94,199,16,2),
(1751,33,199,1,1),
(1752,37,199,1,1),
(1753,39,199,3,1),
(1754,35,199,4,1),
(1755,52,199,1,1),
(1756,34,199,1,1),
(1757,49,199,1,1),
(1758,42,199,2,1),
(1760,45,199,2,1),
(1762,18,199,1,1),
(1765,82,199,1,1),
(1766,54,199,1,1),
(1767,119,201,1,5),
(1768,121,201,1,5),
(1769,123,201,1,5),
(1770,124,201,1,5),
(1771,92,202,1,1),
(1772,21,202,1,1),
(1773,33,202,1,1),
(1774,51,202,1,1),
(1775,48,202,1,1),
(1776,53,202,1,1),
(1777,79,202,1,1),
(1778,50,202,1,1),
(1779,34,202,1,1),
(1780,38,202,1,1),
(1781,19,202,1,1),
(1782,45,202,2,1),
(1783,47,202,2,1),
(1784,63,202,2,1),
(1785,41,202,4,1),
(1786,10,202,1,1),
(1787,11,202,1,1),
(1788,12,202,1,1),
(1789,54,202,1,1),
(1790,62,203,1,1),
(1791,30,203,1,1),
(1792,75,203,1,1),
(1793,73,203,1,1),
(1794,93,204,2,2),
(1795,94,204,16,2),
(1796,97,204,1,2),
(1797,39,204,6,1),
(1798,35,204,2,1),
(1799,49,204,1,1),
(1800,42,204,1,1),
(1801,41,204,4,1),
(1802,81,204,1,2),
(1803,9,204,1,1),
(1804,22,205,1,1),
(1805,21,205,1,1),
(1806,25,205,1,1),
(1807,26,205,1,1),
(1808,37,205,1,1),
(1809,36,205,1,1),
(1810,39,205,3,1),
(1811,35,205,2,1),
(1812,51,205,1,1),
(1813,20,205,1,1),
(1814,49,205,1,1),
(1815,42,205,2,1),
(1816,13,205,1,1),
(1817,44,205,10,1),
(1818,47,205,1,1),
(1819,67,205,1,1),
(1820,30,205,3,1),
(1821,31,205,2,1),
(1822,59,205,1,1),
(1823,5,205,1,1),
(1824,58,205,1,1),
(1825,56,205,1,1),
(1826,88,205,1,1),
(1827,91,206,1,1),
(1828,93,206,1,2),
(1829,94,206,16,2),
(1830,33,206,1,1),
(1831,39,206,3,1),
(1832,35,206,2,1),
(1833,50,206,1,1),
(1834,40,206,1,1),
(1835,63,206,2,1),
(1836,27,206,1,1),
(1837,41,206,2,1),
(1838,72,206,1,1),
(1839,8,207,1,1),
(1840,21,207,1,1),
(1841,24,207,1,1),
(1842,94,207,8,2),
(1843,39,207,3,1),
(1844,52,207,1,1),
(1845,34,207,1,1),
(1846,38,207,1,1),
(1847,49,207,1,1),
(1848,43,207,1,1),
(1849,18,207,1,1),
(1850,68,207,1,1),
(1851,82,207,1,1),
(1852,97,208,1,2),
(1853,99,209,1,6),
(1854,103,209,1,6),
(1855,104,209,1,6),
(1856,106,209,1,6),
(1857,107,209,1,6),
(1858,91,210,1,1),
(1859,7,210,1,1),
(1860,22,210,1,1),
(1861,21,210,1,1),
(1862,48,210,1,1),
(1863,53,210,1,1),
(1864,79,210,1,1),
(1865,42,210,1,1),
(1866,44,210,10,1),
(1867,45,210,2,1),
(1868,47,210,2,1),
(1869,63,210,2,1),
(1870,59,210,1,1),
(1871,41,210,2,1),
(1872,10,210,1,1),
(1873,55,210,1,1),
(1874,71,210,1,1),
(1875,84,210,1,1),
(1876,83,210,1,1),
(1877,93,211,1,2),
(1878,94,211,8,2),
(1879,97,211,1,2),
(1880,41,211,4,1),
(1881,25,212,1,1),
(1882,96,212,1,2),
(1883,93,212,3,2),
(1884,94,212,16,2),
(1885,97,212,1,2),
(1886,35,212,2,1),
(1887,38,212,1,1),
(1888,42,212,2,1),
(1889,45,212,2,1),
(1890,47,212,2,1),
(1891,65,212,1,1),
(1892,31,212,2,1),
(1893,41,212,3,1),
(1894,80,212,1,2),
(1895,57,212,1,1),
(1896,73,212,1,1),
(1897,84,212,1,1),
(1898,8,213,1,1),
(1899,21,213,1,1),
(1900,24,213,1,1),
(1901,94,213,16,2),
(1902,97,213,1,2),
(1903,37,213,1,1),
(1904,39,213,3,1),
(1905,35,213,2,1),
(1906,52,213,1,1),
(1907,48,213,1,1),
(1908,50,213,1,1),
(1909,34,213,1,1),
(1910,49,213,1,1),
(1911,19,213,1,1),
(1912,47,213,1,1),
(1913,63,213,1,1),
(1914,18,213,1,1),
(1915,59,213,1,1),
(1916,41,213,2,1),
(1917,81,213,1,2),
(1918,80,213,1,2),
(1919,117,214,1,5),
(1920,120,214,1,5),
(1921,98,214,1,5),
(1922,8,215,1,1),
(1923,22,215,1,1),
(1924,21,215,1,1),
(1925,23,215,1,1),
(1926,26,215,1,1),
(1927,96,215,1,2),
(1928,93,215,2,2),
(1929,94,215,8,2),
(1930,95,215,8,2),
(1931,97,215,1,2),
(1932,33,215,1,1),
(1933,39,215,6,1),
(1934,35,215,4,1),
(1935,42,215,2,1),
(1936,13,215,1,1),
(1937,16,215,1,1),
(1938,46,215,1,1),
(1939,47,215,1,1),
(1940,30,215,3,1),
(1941,28,215,1,1),
(1942,81,215,1,2),
(1946,94,216,16,2),
(1947,97,216,1,2),
(1953,21,216,1,1),
(1954,96,216,1,2),
(1955,93,216,1,2),
(1957,35,216,2,1),
(1958,51,216,1,1),
(1959,52,216,1,1),
(1960,48,216,1,1),
(1961,53,216,1,1),
(1962,79,216,1,1),
(1963,34,216,1,1),
(1964,38,216,1,1),
(1965,49,216,1,1),
(1966,42,216,1,1),
(1967,15,216,1,1),
(1968,19,216,1,1),
(1969,44,216,10,1),
(1970,45,216,2,1),
(1971,47,216,1,1),
(1972,43,216,1,1),
(1973,63,216,2,1),
(1974,41,216,3,1),
(1975,81,216,1,2),
(1976,80,216,1,2),
(1977,10,216,1,1),
(1978,5,216,1,1),
(1979,9,216,1,1),
(1980,99,217,1,6),
(1981,100,217,1,6),
(1982,101,217,1,6),
(1983,102,217,1,6),
(1984,103,217,1,6),
(1985,104,217,1,6),
(1986,105,217,1,6),
(1987,106,217,1,6),
(1988,22,218,1,1),
(1989,21,218,1,1),
(1990,25,218,1,1),
(1991,33,218,1,1),
(1992,39,218,6,1),
(1993,35,218,4,1),
(1994,50,218,1,1),
(1995,38,218,1,1),
(1996,49,218,1,1),
(1997,42,218,1,1),
(1998,44,218,1,1),
(1999,47,218,1,1),
(2000,63,218,1,1),
(2001,18,218,1,1),
(2002,41,218,2,1),
(2003,70,218,1,1),
(2004,93,219,1,2),
(2005,94,219,16,2),
(2006,97,219,1,2),
(2007,81,219,1,2),
(2008,7,220,1,1),
(2009,8,220,1,1),
(2010,21,220,1,1),
(2011,24,220,1,1),
(2012,26,220,1,1),
(2013,96,220,1,2),
(2014,52,220,1,1),
(2015,20,220,1,1),
(2016,49,220,1,1),
(2017,42,220,2,1),
(2018,44,220,10,1),
(2019,45,220,2,1),
(2020,47,220,1,1),
(2021,43,220,1,1),
(2022,63,220,2,1),
(2023,62,220,1,1),
(2024,30,220,2,1),
(2025,31,220,2,1),
(2026,59,220,1,1),
(2027,41,220,4,1),
(2028,12,220,1,1),
(2029,58,220,1,1),
(2030,56,220,1,1),
(2031,96,221,1,2),
(2032,93,221,2,2),
(2033,94,221,16,2),
(2034,97,221,1,2),
(2035,33,221,1,1),
(2036,36,221,1,1),
(2037,39,221,6,1),
(2038,35,221,4,1),
(2039,19,221,1,1),
(2040,44,221,1,1),
(2041,47,221,2,1),
(2042,18,221,1,1),
(2043,81,221,1,2),
(2044,73,221,1,1),
(2045,72,221,1,1),
(2046,70,221,1,1),
(2047,118,222,1,5),
(2048,121,222,1,5),
(2049,120,222,1,5),
(2050,122,222,1,5),
(2051,123,222,1,5),
(2052,124,222,1,5),
(2053,8,223,1,1),
(2054,22,223,1,1),
(2055,21,223,1,1),
(2056,33,223,1,1),
(2057,48,223,1,1),
(2058,50,223,1,1),
(2059,40,223,1,1),
(2060,49,223,1,1),
(2061,17,223,1,1),
(2062,41,223,2,1),
(2063,81,223,1,2),
(2064,70,223,1,1),
(2065,8,224,1,1),
(2066,22,224,1,1),
(2067,21,224,1,1),
(2068,25,224,1,1),
(2069,37,224,2,1),
(2070,39,224,6,1),
(2071,35,224,2,1),
(2072,48,224,1,1),
(2073,53,224,1,1),
(2074,79,224,1,1),
(2075,50,224,1,1),
(2076,34,224,1,1),
(2077,49,224,1,1),
(2078,42,224,2,1),
(2079,19,224,2,1),
(2080,21,225,1,1),
(2081,24,225,1,1),
(2082,96,225,1,2),
(2083,93,225,1,2),
(2084,94,225,16,2),
(2085,35,225,2,1),
(2086,53,225,1,1),
(2087,79,225,1,1),
(2088,34,225,1,1),
(2089,38,225,1,1),
(2090,40,225,1,1),
(2091,42,225,1,1),
(2092,19,225,1,1),
(2093,45,225,2,1),
(2094,47,225,2,1),
(2095,63,225,2,1),
(2096,67,225,1,1),
(2097,59,225,1,1),
(2098,41,225,4,1),
(2099,10,225,1,1),
(2100,5,225,1,1),
(2101,58,225,1,1),
(2102,71,225,1,1),
(2103,129,226,2,7),
(2104,131,226,2,7),
(2105,132,226,1,7),
(2106,133,226,1,7),
(2107,135,226,2,7),
(2108,136,226,3,7),
(2109,138,226,2,7),
(2110,128,226,1,7),
(2111,125,226,1,7),
(2112,22,227,1,1),
(2113,21,227,1,1),
(2114,24,227,1,1),
(2115,93,227,2,2),
(2116,94,227,16,2),
(2117,97,227,1,2),
(2118,39,227,3,1),
(2119,35,227,2,1),
(2120,52,227,1,1),
(2121,49,227,1,1),
(2122,18,227,1,1),
(2123,62,227,1,1),
(2124,65,227,1,1),
(2125,30,227,2,1),
(2126,75,227,1,1),
(2127,59,227,1,1),
(2128,41,227,3,1),
(2129,80,227,1,2),
(2130,82,227,1,1),
(2131,9,227,1,1),
(2132,83,227,1,1),
(2133,33,228,1,1),
(2134,39,228,6,1),
(2135,35,228,2,1),
(2136,50,228,1,1),
(2137,38,228,1,1),
(2138,49,228,1,1),
(2139,42,228,1,1),
(2140,19,228,1,1),
(2141,63,228,2,1),
(2142,41,228,4,1),
(2143,57,228,1,1),
(2144,8,230,1,1),
(2145,21,230,1,1),
(2146,23,230,1,1),
(2147,96,230,1,2),
(2148,93,230,1,2),
(2149,94,230,16,2),
(2150,97,230,1,2),
(2151,35,230,4,1),
(2152,51,230,1,1),
(2153,52,230,1,1),
(2154,79,230,1,1),
(2155,34,230,1,1),
(2156,13,230,1,1),
(2157,15,230,1,1),
(2158,47,230,1,1),
(2159,43,230,1,1),
(2160,61,230,1,1),
(2161,64,230,1,1),
(2162,28,230,1,1),
(2163,81,230,1,2),
(2164,73,230,1,1),
(2165,70,230,1,1),
(2166,91,231,1,1),
(2167,7,231,1,1),
(2168,22,231,1,1),
(2169,21,231,1,1),
(2170,24,231,2,1),
(2171,26,231,1,1),
(2172,96,231,1,2),
(2173,94,231,16,2),
(2174,95,231,2,2),
(2175,97,231,1,2),
(2176,36,231,1,1),
(2177,39,231,3,1),
(2178,35,231,2,1),
(2179,52,231,1,1),
(2180,48,231,1,1),
(2181,53,231,1,1),
(2182,50,231,1,1),
(2183,40,231,1,1),
(2184,20,231,1,1),
(2185,49,231,1,1),
(2186,42,231,1,1),
(2187,44,231,10,1),
(2188,45,231,2,1),
(2189,47,231,2,1),
(2190,18,231,1,1),
(2191,30,231,2,1),
(2192,31,231,2,1),
(2193,81,231,1,2),
(2194,80,231,1,2),
(2195,10,231,1,1),
(2196,70,231,1,1),
(2197,21,232,1,1),
(2198,25,232,1,1),
(2199,26,232,1,1),
(2200,94,232,10,2),
(2201,97,232,1,2),
(2202,49,232,1,1),
(2203,42,232,2,1),
(2204,17,232,1,1),
(2205,19,232,1,1),
(2206,45,232,2,1),
(2207,46,232,1,1),
(2208,47,232,2,1),
(2209,63,232,2,1),
(2210,62,232,1,1),
(2211,41,232,4,1),
(2212,81,232,1,2),
(2213,56,232,1,1),
(2214,55,232,1,1),
(2215,70,232,1,1),
(2216,8,233,1,1),
(2217,22,233,1,1),
(2218,21,233,1,1),
(2219,93,233,2,2),
(2220,94,233,16,2),
(2221,95,233,8,2),
(2222,97,233,1,2),
(2223,33,233,1,1),
(2224,39,233,6,1),
(2225,35,233,4,1),
(2226,48,233,1,1),
(2227,50,233,1,1),
(2228,49,233,1,1),
(2229,42,233,2,1),
(2230,19,233,1,1),
(2231,18,233,1,1),
(2232,67,233,1,1),
(2233,31,233,2,1),
(2234,41,233,1,1),
(2235,80,233,1,2),
(2236,72,233,1,1),
(2237,70,233,1,1),
(2238,26,234,1,1),
(2239,93,234,1,2),
(2240,94,234,16,2),
(2241,97,234,1,2),
(2242,33,234,1,1),
(2243,37,234,1,1),
(2244,39,234,6,1),
(2245,35,234,4,1),
(2246,52,234,1,1),
(2247,34,234,1,1),
(2248,38,234,1,1),
(2249,44,234,12,1),
(2250,47,234,2,1),
(2251,65,234,1,1),
(2252,59,234,1,1),
(2253,41,234,1,1),
(2254,81,234,1,2),
(2255,12,234,1,1),
(2256,71,234,1,1),
(2257,22,235,1,1),
(2258,21,235,1,1),
(2259,36,235,1,1),
(2260,51,235,1,1),
(2261,53,235,1,1),
(2262,79,235,1,1),
(2263,49,235,1,1),
(2264,45,235,2,1),
(2265,47,235,2,1),
(2266,63,235,1,1),
(2267,59,235,1,1),
(2268,10,235,1,1),
(2269,9,235,1,1),
(2270,41,236,3,1),
(2271,99,237,1,6),
(2272,100,237,1,6),
(2273,103,237,1,6),
(2274,104,237,1,6),
(2275,106,237,1,6),
(2276,107,237,1,6),
(2277,96,238,1,2),
(2278,93,238,1,2),
(2279,94,238,16,2),
(2280,95,238,8,2),
(2281,81,238,1,2),
(2282,8,239,1,1),
(2283,21,239,1,1),
(2284,33,239,1,1),
(2285,35,239,4,1),
(2286,52,239,1,1),
(2287,48,239,1,1),
(2288,50,239,1,1),
(2289,34,239,1,1),
(2290,49,239,1,1),
(2291,42,239,2,1),
(2292,13,239,1,1),
(2293,44,239,12,1),
(2294,43,239,1,1),
(2295,63,239,1,1),
(2296,18,239,1,1),
(2297,62,239,1,1),
(2298,60,239,1,1),
(2299,67,239,1,1),
(2300,68,239,1,1),
(2301,74,239,1,1),
(2302,41,239,2,1),
(2303,82,239,1,1),
(2304,119,240,1,5),
(2305,120,240,1,5),
(2306,98,240,1,5),
(2307,124,240,1,5),
(2308,93,241,2,2),
(2309,94,241,16,2),
(2310,97,241,1,2),
(2311,81,241,1,2),
(2312,80,241,1,2),
(2313,22,242,1,1),
(2314,21,242,1,1),
(2315,24,242,1,1),
(2316,25,242,1,1),
(2317,36,242,1,1),
(2318,39,242,3,1),
(2319,35,242,2,1),
(2320,52,242,1,1),
(2321,48,242,1,1),
(2322,38,242,1,1),
(2323,40,242,1,1),
(2324,20,242,1,1),
(2325,49,242,1,1),
(2326,42,242,1,1),
(2327,19,242,1,1),
(2328,44,242,10,1),
(2329,45,242,2,1),
(2330,47,242,2,1),
(2331,63,242,1,1),
(2332,30,242,2,1),
(2333,31,242,2,1),
(2334,59,242,2,1),
(2335,41,242,3,1),
(2336,10,242,1,1),
(2337,73,242,1,1),
(2338,7,243,1,1),
(2339,8,243,1,1),
(2340,96,243,1,2),
(2341,93,243,1,2),
(2342,94,243,20,2),
(2343,33,243,1,1),
(2344,39,243,3,1),
(2345,35,243,4,1),
(2346,42,243,1,1),
(2347,63,243,2,1),
(2348,81,243,1,2),
(2349,10,243,1,1),
(2350,9,243,1,1),
(2351,23,244,1,1),
(2352,24,244,2,1),
(2353,25,244,1,1),
(2354,26,244,1,1),
(2355,96,244,1,2),
(2356,93,244,8,2),
(2357,94,244,8,2),
(2358,33,244,1,1),
(2359,48,244,1,1),
(2360,50,244,1,1),
(2361,34,244,1,1),
(2362,49,244,1,1),
(2363,42,244,1,1),
(2364,47,244,1,1),
(2365,63,244,1,1),
(2366,18,244,1,1),
(2367,62,244,1,1),
(2368,30,244,3,1),
(2369,59,244,1,1),
(2370,41,244,4,1),
(2371,81,244,1,2),
(2372,80,244,1,2),
(2373,5,244,1,1),
(2374,93,245,2,2),
(2375,94,245,16,2),
(2376,37,245,1,1),
(2377,36,245,1,1),
(2378,39,245,6,1),
(2379,35,245,3,1),
(2380,51,245,1,1),
(2381,52,245,1,1),
(2382,42,245,1,1),
(2383,13,245,1,1),
(2384,15,245,1,1),
(2385,16,245,1,1),
(2386,19,245,1,1),
(2387,45,245,2,1),
(2388,47,245,2,1),
(2389,63,245,1,1),
(2390,18,245,1,1),
(2391,65,245,1,1),
(2392,12,245,1,1),
(2393,9,245,1,1),
(2394,96,246,1,2),
(2395,93,246,3,2),
(2396,94,246,16,2),
(2397,81,246,1,2),
(2398,92,247,1,1),
(2399,8,247,1,1),
(2400,22,247,1,1),
(2401,21,247,1,1),
(2402,39,247,6,1),
(2403,35,247,2,1),
(2404,53,247,0,1),
(2405,79,247,0,1),
(2406,50,247,1,1),
(2407,49,247,1,1),
(2408,42,247,2,1),
(2409,47,247,1,1),
(2410,41,247,2,1),
(2411,8,248,1,1),
(2412,25,248,1,1),
(2413,26,248,1,1),
(2414,96,248,1,2),
(2415,93,248,1,2),
(2416,94,248,16,2),
(2417,53,248,1,1),
(2418,19,248,1,1),
(2419,44,248,10,1),
(2420,47,248,1,1),
(2421,63,248,1,1),
(2422,59,248,1,1),
(2423,41,248,4,1),
(2424,81,248,1,2),
(2425,57,248,1,1),
(2426,56,248,1,1),
(2427,21,249,1,1),
(2428,93,249,1,2),
(2429,94,249,16,2),
(2430,33,249,1,1),
(2431,39,249,3,1),
(2432,35,249,4,1),
(2433,52,249,1,1),
(2434,48,249,1,1),
(2435,79,249,1,1),
(2436,50,249,1,1),
(2437,34,249,1,1),
(2438,38,249,1,1),
(2439,40,249,1,1),
(2440,49,249,1,1),
(2441,42,249,2,1),
(2442,19,249,1,1),
(2443,45,249,2,1),
(2444,47,249,1,1),
(2445,43,249,1,1),
(2446,63,249,1,1),
(2447,81,249,2,2),
(2448,22,250,1,1),
(2449,21,250,3,1),
(2450,24,250,1,1),
(2451,93,250,2,2),
(2452,94,250,16,2),
(2453,33,250,1,1),
(2454,39,250,3,1),
(2455,35,250,2,1),
(2456,20,250,1,1),
(2457,49,250,1,1),
(2458,63,250,1,1),
(2459,18,250,1,1),
(2460,30,250,2,1),
(2461,31,250,2,1),
(2462,75,250,1,1),
(2463,27,250,1,1),
(2464,41,250,2,1),
(2465,82,250,1,1),
(2466,10,250,1,1),
(2467,9,250,1,1),
(2468,73,250,1,1),
(2469,7,251,1,1),
(2470,8,251,1,1),
(2471,25,251,1,1),
(2472,26,251,1,1),
(2473,37,251,1,1),
(2474,35,251,2,1),
(2475,53,251,1,1),
(2476,49,251,1,1),
(2477,42,251,2,1),
(2478,13,251,1,1),
(2479,47,251,1,1),
(2480,63,251,1,1),
(2481,41,251,2,1),
(2482,93,252,1,2),
(2483,94,252,16,2),
(2484,81,252,1,2),
(2485,80,252,1,2),
(2486,139,253,1,7),
(2487,132,253,2,7),
(2488,133,253,2,7),
(2489,135,253,3,7),
(2490,127,253,1,7),
(2491,8,254,1,1),
(2492,22,254,1,1),
(2493,21,254,1,1),
(2494,96,254,1,2),
(2495,93,254,2,2),
(2496,94,254,16,2),
(2497,33,254,1,1),
(2498,39,254,3,1),
(2499,35,254,4,1),
(2500,51,254,1,1),
(2501,52,254,1,1),
(2502,48,254,1,1),
(2503,79,254,1,1),
(2504,50,254,1,1),
(2505,34,254,1,1),
(2506,38,254,1,1),
(2507,49,254,1,1),
(2508,19,254,1,1),
(2509,44,254,10,1),
(2510,45,254,2,1),
(2511,47,254,2,1),
(2512,18,254,1,1),
(2513,62,254,1,1),
(2514,59,254,1,1),
(2515,41,254,4,1),
(2516,81,254,1,2),
(2517,12,254,1,1),
(2518,57,254,1,1),
(2519,58,254,1,1),
(2520,56,254,1,1),
(2521,55,254,1,1),
(2522,93,255,1,2),
(2523,94,255,16,2),
(2524,81,255,2,2),
(2525,8,256,1,1),
(2526,22,256,1,1),
(2527,21,256,1,1),
(2528,23,256,1,1),
(2529,24,256,1,1),
(2530,25,256,1,1),
(2531,26,256,1,1),
(2532,96,256,1,2),
(2533,93,256,2,2),
(2534,94,256,24,2),
(2535,33,256,1,1),
(2536,36,256,1,1),
(2537,39,256,6,1),
(2538,35,256,3,1),
(2539,53,256,1,1),
(2540,79,256,1,1),
(2541,50,256,1,1),
(2542,40,256,1,1),
(2543,49,256,2,1),
(2544,42,256,2,1),
(2545,19,256,1,1),
(2546,44,256,5,1),
(2547,45,256,2,1),
(2548,47,256,2,1),
(2549,63,256,2,1),
(2550,62,256,1,1),
(2551,65,256,1,1),
(2552,69,256,1,1),
(2553,30,256,3,1),
(2554,31,256,3,1),
(2555,41,256,6,1),
(2556,81,256,1,2),
(2557,80,256,1,2),
(2558,82,256,1,1),
(2559,10,256,1,1),
(2560,9,256,1,1),
(2561,7,257,1,1),
(2562,21,257,1,1),
(2563,39,257,6,1),
(2564,35,257,4,1),
(2565,48,257,1,1),
(2566,34,257,1,1),
(2567,38,257,1,1),
(2568,49,257,1,1),
(2569,42,257,1,1),
(2570,17,257,1,1),
(2571,13,257,1,1),
(2572,47,257,2,1),
(2573,63,257,1,1),
(2574,18,257,1,1),
(2575,74,257,1,1),
(2576,41,257,1,1),
(2577,10,257,1,1),
(2578,5,257,1,1),
(2579,85,257,1,1),
(2580,7,258,1,1),
(2581,21,258,2,1),
(2582,25,258,1,1),
(2583,93,258,2,2),
(2584,94,258,24,2),
(2585,33,258,1,1),
(2586,39,258,6,1),
(2587,35,258,4,1),
(2588,52,258,1,1),
(2589,48,258,1,1),
(2590,38,258,1,1),
(2591,42,258,1,1),
(2592,17,258,1,1),
(2593,13,258,1,1),
(2594,15,258,1,1),
(2595,47,258,2,1),
(2596,63,258,2,1),
(2597,18,258,1,1),
(2598,41,258,4,1),
(2599,81,258,1,2),
(2600,10,258,1,1),
(2601,5,258,1,1),
(2602,22,259,1,1),
(2603,96,259,1,2),
(2604,93,259,3,2),
(2605,94,259,24,2),
(2606,39,259,6,1),
(2607,35,259,2,1),
(2608,34,259,1,1),
(2609,49,259,1,1),
(2610,42,259,2,1),
(2611,19,259,1,1),
(2612,45,259,2,1),
(2613,46,259,1,1),
(2614,28,259,1,1),
(2615,41,259,3,1),
(2616,81,259,1,2),
(2617,80,259,1,2),
(2618,8,260,1,1),
(2619,25,260,1,1),
(2620,26,260,1,1),
(2621,96,260,1,2),
(2622,94,260,16,2),
(2623,33,260,1,1),
(2624,35,260,2,1),
(2625,52,260,1,1),
(2626,53,260,1,1),
(2627,79,260,1,1),
(2628,50,260,1,1),
(2629,40,260,1,1),
(2630,49,260,1,1),
(2631,42,260,1,1),
(2632,43,260,1,1),
(2633,18,260,1,1),
(2634,62,260,1,1),
(2635,30,260,2,1),
(2636,31,260,1,1),
(2637,75,260,1,1),
(2638,59,260,2,1),
(2639,74,260,1,1),
(2640,41,260,4,1),
(2641,81,260,1,2),
(2642,12,260,1,1),
(2643,6,260,1,1),
(2644,9,260,1,1),
(2645,73,260,1,1),
(2646,85,260,1,1),
(2647,91,261,1,1),
(2648,21,261,1,1),
(2649,23,261,1,1),
(2650,24,261,1,1),
(2651,33,261,1,1),
(2652,35,261,4,1),
(2653,48,261,1,1),
(2654,38,261,1,1),
(2655,49,261,1,1),
(2656,44,261,12,1),
(2657,45,261,2,1),
(2658,47,261,2,1),
(2659,63,261,3,1),
(2660,41,261,5,1),
(2661,96,262,1,2),
(2662,93,262,2,2),
(2663,94,262,16,2),
(2664,81,262,1,2),
(2665,80,262,1,2),
(2666,91,263,1,1),
(2667,22,263,1,1),
(2668,26,263,1,1),
(2669,36,263,1,1),
(2670,39,263,6,1),
(2671,51,263,1,1),
(2672,53,263,1,1),
(2673,79,263,1,1),
(2674,38,263,1,1),
(2675,40,263,1,1),
(2676,18,263,1,1),
(2677,82,263,1,1),
(2678,56,263,1,1),
(2679,9,263,1,1),
(2680,7,264,1,1),
(2681,8,264,1,1),
(2682,93,264,1,2),
(2683,94,264,16,2),
(2684,35,264,2,1),
(2685,52,264,1,1),
(2686,50,264,1,1),
(2687,34,264,1,1),
(2688,20,264,1,1),
(2689,49,264,1,1),
(2690,42,264,1,1),
(2691,14,264,1,1),
(2692,16,264,1,1),
(2693,19,264,1,1),
(2694,47,264,2,1),
(2695,63,264,1,1),
(2696,30,264,2,1),
(2697,31,264,2,1),
(2698,27,264,1,1),
(2699,41,264,3,1),
(2700,81,264,1,2),
(2701,10,264,1,1),
(2702,11,264,1,1),
(2703,58,264,1,1),
(2704,132,265,6,7),
(2705,133,265,6,7),
(2706,135,265,6,7),
(2707,127,265,1,7),
(2708,126,265,1,7),
(2709,21,266,1,1),
(2710,25,266,1,1),
(2711,93,266,3,2),
(2712,94,266,32,2),
(2713,33,266,1,1),
(2714,37,266,1,1),
(2715,39,266,6,1),
(2716,35,266,4,1),
(2717,48,266,1,1),
(2718,20,266,1,1),
(2719,42,266,2,1),
(2720,19,266,2,1),
(2721,44,266,12,1),
(2722,45,266,2,1),
(2723,47,266,2,1),
(2724,18,266,1,1),
(2725,61,266,1,1),
(2726,65,266,1,1),
(2727,67,266,2,1),
(2728,28,266,1,1),
(2729,41,266,2,1),
(2730,81,266,2,2),
(2731,58,266,1,1),
(2732,85,266,1,1),
(2733,96,267,1,2),
(2734,93,267,3,2),
(2735,94,267,24,2),
(2736,81,267,1,2),
(2737,80,267,1,2),
(2738,8,268,1,1),
(2739,22,268,1,1),
(2740,21,268,1,1),
(2741,26,268,1,1),
(2742,33,268,1,1),
(2743,52,268,1,1),
(2744,40,268,1,1),
(2745,20,268,1,1),
(2746,49,268,1,1),
(2747,46,268,1,1),
(2748,43,268,1,1),
(2749,63,268,2,1),
(2750,5,268,1,1),
(2751,93,269,1,2),
(2752,94,269,16,2),
(2753,95,269,8,2),
(2754,81,269,1,2),
(2755,80,269,1,2),
(2756,23,270,1,1),
(2757,24,270,1,1),
(2758,25,270,1,1),
(2759,36,270,1,1),
(2760,35,270,3,1),
(2761,48,270,1,1),
(2762,50,270,1,1),
(2763,34,270,1,1),
(2764,49,270,1,1),
(2765,42,270,1,1),
(2766,44,270,6,1),
(2767,45,270,2,1),
(2768,63,270,1,1),
(2769,30,270,3,1),
(2770,59,270,1,1),
(2771,41,270,4,1),
(2772,82,270,1,1),
(2773,10,270,1,1),
(2774,6,270,1,1),
(2775,9,270,1,1),
(2776,71,270,1,1),
(2777,70,270,1,1),
(2778,22,271,1,1),
(2779,21,271,1,1),
(2780,93,271,2,2),
(2781,94,271,24,2),
(2782,33,271,1,1),
(2783,37,271,1,1),
(2784,39,271,3,1),
(2785,35,271,3,1),
(2786,51,271,1,1),
(2787,38,271,1,1),
(2788,40,271,1,1),
(2789,49,271,1,1),
(2790,42,271,1,1),
(2791,13,271,1,1),
(2792,19,271,1,1),
(2793,44,271,12,1),
(2794,45,271,2,1),
(2795,63,271,1,1),
(2796,18,271,1,1),
(2797,68,271,1,1),
(2798,41,271,2,1),
(2799,5,271,1,1),
(2800,8,272,1,1),
(2801,22,272,1,1),
(2802,21,272,1,1),
(2803,24,272,2,1),
(2804,26,272,1,1),
(2805,35,272,4,1),
(2806,53,272,1,1),
(2807,79,272,1,1),
(2808,50,272,1,1),
(2809,42,272,1,1),
(2810,47,272,2,1),
(2811,31,272,2,1),
(2812,41,272,2,1),
(2813,12,272,1,1),
(2814,5,272,1,1),
(2815,57,272,1,1),
(2816,55,272,1,1),
(2817,73,272,1,1),
(2818,35,273,4,1),
(2819,52,273,1,1),
(2820,53,273,1,1),
(2821,79,273,1,1),
(2822,38,273,1,1),
(2823,40,273,1,1),
(2824,49,273,1,1),
(2825,19,273,1,1),
(2826,45,273,2,1),
(2827,47,273,2,1),
(2828,63,273,3,1),
(2829,62,273,2,1),
(2830,65,273,1,1),
(2831,60,273,1,1),
(2832,64,273,1,1),
(2833,30,273,2,1),
(2834,75,273,1,1),
(2835,59,273,1,1),
(2836,41,273,3,1),
(2837,56,273,1,1),
(2838,9,273,1,1),
(2839,7,274,1,1),
(2840,8,274,1,1),
(2841,21,274,1,1),
(2842,93,274,2,2),
(2843,94,274,24,2),
(2844,33,274,2,1),
(2845,39,274,6,1),
(2846,35,274,4,1),
(2847,52,274,1,1),
(2848,48,274,1,1),
(2849,42,274,2,1),
(2850,18,274,1,1),
(2851,41,274,2,1),
(2852,7,275,1,1),
(2853,8,275,1,1),
(2854,21,275,1,1),
(2855,33,275,2,1),
(2856,37,275,1,1),
(2857,36,275,1,1),
(2858,39,275,6,1),
(2859,35,275,4,1),
(2860,52,275,1,1),
(2861,48,275,1,1),
(2862,50,275,1,1),
(2863,34,275,1,1),
(2864,49,275,1,1),
(2865,42,275,2,1),
(2866,44,275,6,1),
(2867,45,275,2,1),
(2868,47,275,2,1),
(2869,18,275,1,1),
(2870,41,275,4,1),
(2871,10,275,1,1),
(2872,5,275,1,1),
(2873,8,276,1,1),
(2874,22,276,1,1),
(2875,23,276,1,1),
(2876,49,276,1,1),
(2877,19,276,1,1),
(2878,31,276,2,1),
(2879,41,276,2,1),
(2880,81,276,1,2),
(2881,92,277,1,1),
(2882,25,277,1,1),
(2883,26,277,1,1),
(2884,96,277,1,2),
(2885,39,277,3,1),
(2886,35,277,4,1),
(2887,79,277,1,1),
(2888,38,277,1,1),
(2889,42,277,1,1),
(2890,13,277,1,1),
(2891,44,277,10,1),
(2892,45,277,4,1),
(2893,46,277,1,1),
(2894,47,277,4,1),
(2895,43,277,1,1),
(2896,63,277,2,1),
(2897,18,277,1,1),
(2898,30,277,2,1),
(2899,81,277,1,2),
(2900,80,277,1,2),
(2901,82,277,1,1),
(2902,6,277,1,1),
(2903,93,278,2,2),
(2904,94,278,16,2),
(2905,81,278,2,2),
(2906,22,279,1,1),
(2907,21,279,1,1),
(2908,33,279,1,1),
(2909,39,279,3,1),
(2910,35,279,2,1),
(2911,51,279,1,1),
(2912,52,279,1,1),
(2913,48,279,1,1),
(2914,40,279,1,1),
(2915,42,279,2,1),
(2916,44,279,12,1),
(2917,47,279,1,1),
(2918,59,279,1,1),
(2919,41,279,5,1),
(2920,9,279,1,1),
(2921,96,280,1,2),
(2922,93,280,2,2),
(2923,94,280,16,2),
(2924,81,280,1,2),
(2925,80,280,1,2),
(2926,8,281,1,1),
(2927,33,281,1,1),
(2928,35,281,4,1),
(2929,53,281,1,1),
(2930,50,281,1,1),
(2931,38,281,1,1),
(2932,49,281,1,1),
(2933,15,281,1,1),
(2934,19,281,1,1),
(2935,47,281,1,1),
(2936,63,281,1,1),
(2937,18,281,1,1),
(2938,28,281,1,1),
(2939,41,281,1,1),
(2940,10,281,1,1),
(2941,12,281,1,1),
(2942,7,282,1,1),
(2943,22,282,1,1),
(2944,21,282,1,1),
(2945,24,282,1,1),
(2946,26,282,1,1),
(2947,33,282,2,1),
(2948,53,282,1,1),
(2949,79,282,1,1),
(2950,49,282,1,1),
(2951,42,282,1,1),
(2952,16,282,1,1),
(2953,47,282,2,1),
(2954,65,282,1,1),
(2955,41,282,3,1),
(2956,10,282,1,1),
(2957,24,283,1,1),
(2958,93,283,4,2),
(2959,94,283,32,2),
(2960,33,283,1,1),
(2961,36,283,1,1),
(2962,39,283,3,1),
(2963,35,283,2,1),
(2964,48,283,1,1),
(2965,34,283,1,1),
(2966,38,283,1,1),
(2967,40,283,1,1),
(2968,42,283,1,1),
(2969,45,283,4,1),
(2970,47,283,3,1),
(2971,63,283,2,1),
(2972,62,283,1,1),
(2973,30,283,3,1),
(2974,31,283,1,1),
(2975,41,283,3,1),
(2976,81,283,2,2),
(2977,82,283,1,1),
(2980,33,284,1,1),
(2981,36,284,1,1),
(2982,39,284,3,1),
(2991,63,284,2,1),
(2992,62,284,1,1),
(2993,30,284,3,1),
(2998,21,285,1,1),
(2999,93,284,3,2),
(3000,94,284,32,2),
(3003,35,284,2,1),
(3004,48,284,1,1),
(3005,34,284,1,1),
(3006,38,284,1,1),
(3007,40,284,1,1),
(3008,42,284,1,1),
(3009,45,284,4,1),
(3010,47,284,3,1),
(3014,31,284,2,1),
(3015,41,284,3,1),
(3016,81,284,2,2),
(3017,82,284,1,1),
(3018,93,286,3,2),
(3019,94,286,32,2),
(3020,81,286,1,2),
(3021,22,287,1,1),
(3022,21,287,1,1),
(3023,26,287,1,1),
(3024,33,287,1,1),
(3025,39,287,6,1),
(3026,35,287,4,1),
(3027,49,287,1,1),
(3028,42,287,2,1),
(3029,19,287,1,1),
(3030,47,287,2,1),
(3031,43,287,1,1),
(3032,63,287,1,1),
(3033,18,287,1,1),
(3034,75,287,1,1),
(3035,41,287,4,1),
(3036,92,288,1,1),
(3037,8,288,1,1),
(3038,24,288,1,1),
(3039,25,288,1,1),
(3040,39,288,6,1),
(3041,51,288,1,1),
(3042,52,288,1,1),
(3043,48,288,1,1),
(3044,53,288,1,1),
(3045,79,288,1,1),
(3046,50,288,1,1),
(3047,34,288,1,1),
(3048,38,288,1,1),
(3049,40,288,1,1),
(3050,49,288,1,1),
(3051,42,288,2,1),
(3052,17,288,1,1),
(3053,13,288,1,1),
(3054,44,288,12,1),
(3055,45,288,2,1),
(3056,46,288,1,1),
(3057,47,288,2,1),
(3058,63,288,2,1),
(3059,18,288,1,1),
(3060,66,288,1,1),
(3061,62,288,1,1),
(3062,41,288,2,1),
(3063,7,289,1,1),
(3064,8,289,1,1),
(3065,21,289,1,1),
(3066,23,289,1,1),
(3067,26,289,1,1),
(3068,96,289,1,2),
(3069,93,289,2,2),
(3070,94,289,24,2),
(3071,35,289,4,1),
(3072,48,289,1,1),
(3073,50,289,1,1),
(3074,38,289,1,1),
(3075,49,289,1,1),
(3076,17,289,1,1),
(3077,19,289,2,1),
(3078,45,289,4,1),
(3079,47,289,4,1),
(3080,27,289,1,1),
(3081,74,289,1,1),
(3082,41,289,2,1),
(3083,81,289,1,2),
(3084,80,289,1,2),
(3085,12,289,1,1),
(3086,57,289,1,1),
(3087,56,289,1,1),
(3088,54,289,1,1),
(3089,9,289,1,1),
(3090,33,290,1,1),
(3091,52,290,1,1),
(3092,38,290,1,1),
(3093,65,290,1,1),
(3094,41,290,2,1),
(3095,82,290,1,1),
(3096,5,290,1,1),
(3097,71,290,1,1),
(3098,70,290,1,1),
(3100,21,291,1,1),
(3102,91,291,1,1),
(3104,33,291,2,1),
(3105,36,291,1,1),
(3106,39,291,3,1),
(3107,35,291,4,1),
(3108,53,291,1,1),
(3109,79,291,1,1),
(3110,20,291,1,1),
(3111,49,291,1,1),
(3112,42,291,1,1),
(3113,19,291,1,1),
(3114,44,291,20,1),
(3115,45,291,4,1),
(3116,46,291,1,1),
(3117,47,291,3,1),
(3118,43,291,1,1),
(3119,63,291,2,1),
(3120,18,291,1,1),
(3121,67,291,2,1),
(3122,30,291,2,1),
(3123,28,291,1,1),
(3124,31,291,2,1),
(3125,41,291,4,1),
(3126,82,291,1,1),
(3127,10,291,1,1),
(3128,9,291,1,1),
(3129,85,291,1,1),
(3130,99,292,1,6),
(3131,103,292,1,6),
(3132,105,292,1,6),
(3133,107,292,1,6),
(3134,39,293,6,1),
(3135,35,293,4,1),
(3136,51,293,1,1),
(3137,52,293,1,1),
(3138,48,293,1,1),
(3139,50,293,1,1),
(3140,34,293,1,1),
(3141,38,293,1,1),
(3142,40,293,1,1),
(3143,49,293,1,1),
(3144,42,293,2,1),
(3145,44,293,1,1),
(3146,45,293,2,1),
(3147,47,293,2,1),
(3148,43,293,1,1),
(3149,18,293,1,1),
(3150,66,293,1,1),
(3151,41,293,1,1),
(3152,81,293,1,2),
(3153,80,293,1,2),
(3154,96,294,1,2),
(3155,93,294,3,2),
(3156,94,294,24,2),
(3157,81,294,2,2),
(3158,80,294,1,2),
(3159,8,295,1,1),
(3160,22,295,1,1),
(3161,24,295,1,1),
(3162,25,295,1,1),
(3163,26,295,1,1),
(3164,33,295,1,1),
(3165,35,295,2,1),
(3166,49,295,1,1),
(3167,44,295,12,1),
(3168,45,295,2,1),
(3169,75,295,1,1),
(3170,59,295,1,1),
(3171,41,295,5,1),
(3172,7,296,1,1),
(3173,21,296,1,1),
(3174,24,296,2,1),
(3175,25,296,1,1),
(3176,26,296,1,1),
(3177,37,296,2,1),
(3178,35,296,2,1),
(3179,53,296,1,1),
(3180,79,296,1,1),
(3181,50,296,1,1),
(3182,38,296,1,1),
(3183,40,296,1,1),
(3184,42,296,2,1),
(3185,15,296,1,1),
(3186,19,296,2,1),
(3187,45,296,4,1),
(3188,47,296,4,1),
(3189,63,296,2,1),
(3190,62,296,2,1),
(3191,30,296,3,1),
(3192,31,296,2,1),
(3193,41,296,2,1),
(3194,10,296,1,1),
(3195,58,296,1,1),
(3196,56,296,1,1),
(3197,55,296,1,1),
(3198,9,296,2,1),
(3199,73,296,1,1),
(3200,93,297,1,2),
(3201,94,297,16,2),
(3202,97,297,1,2),
(3203,81,297,1,2),
(3204,80,297,1,2),
(3205,7,298,1,1),
(3206,8,298,1,1),
(3207,22,298,1,1),
(3208,21,298,1,1),
(3209,24,298,1,1),
(3210,33,298,1,1),
(3211,39,298,6,1),
(3212,35,298,4,1),
(3213,51,298,1,1),
(3214,48,298,1,1),
(3215,42,298,1,1),
(3216,63,298,1,1),
(3217,18,298,1,1),
(3218,66,298,1,1),
(3219,65,298,1,1),
(3220,41,298,1,1),
(3221,96,299,1,2),
(3222,93,299,2,2),
(3223,94,299,24,2),
(3229,97,299,2,2),
(3230,81,299,2,2),
(3231,80,299,1,2),
(3232,7,300,1,1),
(3233,25,300,1,1),
(3234,52,300,1,1),
(3235,53,300,1,1),
(3236,79,300,1,1),
(3237,50,300,1,1),
(3238,38,300,1,1),
(3239,42,300,1,1),
(3240,13,300,1,1),
(3241,44,300,12,1),
(3242,45,300,2,1),
(3243,43,300,1,1),
(3244,61,300,1,1),
(3245,41,300,2,1),
(3246,85,300,1,1),
(3247,91,301,1,1),
(3248,92,301,1,1),
(3249,21,301,1,1),
(3250,23,301,1,1),
(3251,96,301,1,2),
(3252,94,301,16,2),
(3253,97,301,1,2),
(3254,35,301,4,1),
(3255,34,301,1,1),
(3256,40,301,1,1),
(3257,20,301,1,1),
(3258,49,301,1,1),
(3259,42,301,1,1),
(3260,14,301,1,1),
(3261,19,301,1,1),
(3262,47,301,1,1),
(3263,63,301,2,1),
(3264,28,301,1,1),
(3265,41,301,4,1),
(3266,82,301,1,1),
(3267,22,302,1,1),
(3268,93,302,3,2),
(3269,94,302,16,2),
(3270,97,302,2,2),
(3271,33,302,1,1),
(3272,37,302,1,1),
(3273,36,302,1,1),
(3274,39,302,3,1),
(3275,35,302,4,1),
(3276,48,302,1,1),
(3277,53,302,1,1),
(3278,79,302,1,1),
(3279,38,302,1,1),
(3280,49,302,1,1),
(3281,42,302,2,1),
(3282,44,302,20,1),
(3283,45,302,4,1),
(3284,46,302,1,1),
(3285,47,302,4,1),
(3286,18,302,1,1),
(3287,30,302,2,1),
(3288,28,302,1,1),
(3289,31,302,3,1),
(3290,59,302,1,1),
(3291,41,302,2,1),
(3292,10,302,1,1),
(3293,12,302,1,1),
(3294,57,302,1,1),
(3295,8,303,1,1),
(3296,21,303,1,1),
(3297,24,303,1,1),
(3298,25,303,1,1),
(3299,26,303,1,1),
(3300,93,303,2,2),
(3301,94,303,24,2),
(3302,97,303,1,2),
(3303,33,303,1,1),
(3304,35,303,4,1),
(3305,52,303,1,1),
(3306,50,303,1,1),
(3307,49,303,1,1),
(3308,42,303,2,1),
(3309,19,303,1,1),
(3310,44,303,12,1),
(3311,47,303,3,1),
(3312,43,303,1,1),
(3313,18,303,1,1),
(3314,66,303,1,1),
(3315,31,303,2,1),
(3316,41,303,5,1),
(3317,81,303,2,2),
(3318,80,303,2,2),
(3319,82,303,1,1),
(3320,139,304,2,7),
(3321,129,304,1,7),
(3322,131,304,3,7),
(3323,132,304,3,7),
(3324,134,304,2,7),
(3325,135,304,6,7),
(3326,136,304,3,7),
(3327,125,304,1,7),
(3328,7,305,1,1),
(3329,8,305,1,1),
(3330,22,305,1,1),
(3331,25,305,1,1),
(3332,26,305,1,1),
(3333,93,305,2,2),
(3334,94,305,8,2),
(3335,95,305,8,2),
(3336,33,305,1,1),
(3337,39,305,6,1),
(3338,35,305,4,1),
(3339,51,305,1,1),
(3340,50,305,1,1),
(3341,34,305,1,1),
(3342,38,305,1,1),
(3343,40,305,1,1),
(3344,49,305,1,1),
(3345,42,305,2,1),
(3346,19,305,1,1),
(3347,44,305,12,1),
(3348,47,305,2,1),
(3349,63,305,1,1),
(3350,31,305,1,1),
(3351,41,305,3,1),
(3352,81,305,1,2),
(3353,5,305,1,1),
(3354,85,305,1,1),
(3355,94,305,8,2),
(3356,91,306,1,1),
(3357,21,306,1,1),
(3358,24,306,1,1),
(3359,26,306,1,1),
(3360,33,306,1,1),
(3361,48,306,1,1),
(3362,53,306,1,1),
(3363,79,306,1,1),
(3364,38,306,1,1),
(3365,20,306,1,1),
(3366,49,306,1,1),
(3367,42,306,2,1),
(3368,13,306,1,1),
(3369,19,306,1,1),
(3370,44,306,30,1),
(3371,45,306,4,1),
(3372,46,306,1,1),
(3373,47,306,3,1),
(3374,43,306,1,1),
(3375,63,306,3,1),
(3376,18,306,1,1),
(3377,65,306,1,1),
(3378,30,306,3,1),
(3379,31,306,2,1),
(3380,75,306,1,1),
(3381,41,306,3,1),
(3382,10,306,1,1),
(3383,6,306,1,1),
(3384,9,306,1,1),
(3385,85,306,1,1),
(3386,92,307,1,1),
(3387,8,307,1,1),
(3388,22,307,1,1),
(3389,25,307,1,1),
(3390,96,307,1,2),
(3391,93,307,2,2),
(3392,94,307,32,2),
(3393,97,307,1,2),
(3394,35,307,2,1),
(3395,52,307,2,1),
(3396,42,307,1,1),
(3397,66,307,1,1),
(3398,41,307,2,1),
(3399,81,307,2,2),
(3400,56,307,1,1),
(3401,73,307,1,1),
(3402,72,307,1,1),
(3403,85,307,1,1),
(3404,8,308,1,1),
(3405,21,308,1,1),
(3406,93,308,1,2),
(3407,94,308,8,2),
(3408,97,308,1,2),
(3409,33,308,1,1),
(3410,39,308,12,1),
(3411,35,308,4,1),
(3412,48,308,1,1),
(3413,50,308,1,1),
(3414,34,308,1,1),
(3415,40,308,1,1),
(3416,49,308,1,1),
(3417,42,308,1,1),
(3418,47,308,3,1),
(3419,66,308,1,1),
(3420,62,308,1,1),
(3421,65,308,1,1),
(3422,60,308,1,1),
(3423,41,308,2,1),
(3424,81,308,1,2),
(3425,80,308,1,2),
(3426,12,308,1,1),
(3427,8,309,1,1),
(3428,23,309,1,1),
(3429,24,309,1,1),
(3430,33,309,1,1),
(3431,36,309,1,1),
(3432,39,309,6,1),
(3433,35,309,4,1),
(3434,53,309,1,1),
(3435,79,309,1,1),
(3436,50,309,1,1),
(3437,34,309,1,1),
(3438,38,309,1,1),
(3439,19,309,1,1),
(3440,45,309,1,1),
(3441,47,309,1,1),
(3442,63,309,2,1),
(3443,18,309,1,1),
(3444,61,309,1,1),
(3445,27,309,1,1),
(3446,41,309,4,1),
(3447,22,310,1,1),
(3448,21,310,1,1),
(3449,96,310,1,2),
(3450,93,310,2,2),
(3451,94,310,32,2),
(3452,97,310,2,2),
(3453,51,310,1,1),
(3454,52,310,1,1),
(3455,48,310,1,1),
(3456,49,310,1,1),
(3457,42,310,2,1),
(3458,16,310,1,1),
(3459,45,310,1,1),
(3460,47,310,1,1),
(3461,43,310,1,1),
(3462,27,310,1,1),
(3463,81,310,2,2),
(3464,80,310,1,2),
(3465,9,310,1,1),
(3466,93,311,3,2),
(3467,94,311,24,2),
(3468,97,311,1,2),
(3469,81,311,1,2),
(3470,80,311,1,2),
(3471,21,312,1,1),
(3472,25,312,1,1),
(3473,26,312,1,1),
(3474,36,312,1,1),
(3475,35,312,4,1),
(3476,48,312,1,1),
(3477,53,312,1,1),
(3478,50,312,1,1),
(3479,20,312,1,1),
(3480,49,312,1,1),
(3481,42,312,1,1),
(3482,19,312,1,1),
(3483,45,312,2,1),
(3484,47,312,2,1),
(3485,64,312,1,1),
(3486,68,312,1,1),
(3487,30,312,3,1),
(3488,75,312,1,1),
(3489,41,312,5,1),
(3490,82,312,1,1),
(3491,12,312,1,1),
(3492,55,312,1,1),
(3493,94,313,16,2),
(3494,8,314,1,1),
(3495,22,314,1,1),
(3496,42,314,1,1),
(3497,19,314,1,1),
(3498,45,314,2,1),
(3499,47,314,2,1),
(3500,63,314,2,1),
(3501,18,314,1,1),
(3502,62,314,1,1),
(3503,75,314,1,1),
(3504,74,314,1,1),
(3505,41,314,2,1),
(3506,10,314,1,1),
(3507,57,314,1,1),
(3508,58,314,1,1),
(3509,71,314,1,1),
(3510,21,315,1,1),
(3511,24,315,1,1),
(3512,26,315,1,1),
(3513,96,315,1,2),
(3514,93,315,1,2),
(3515,97,315,2,2),
(3516,33,315,1,1),
(3517,37,315,1,1),
(3518,39,315,12,1),
(3519,35,315,4,1),
(3520,34,315,1,1),
(3521,49,315,1,1),
(3522,46,315,1,1),
(3523,59,315,1,1),
(3524,81,315,2,2),
(3525,82,315,1,1),
(3526,58,315,1,1),
(3527,7,316,1,1),
(3528,8,316,1,1),
(3529,22,316,1,1),
(3530,21,316,1,1),
(3531,25,316,1,1),
(3532,93,316,3,2),
(3533,94,316,32,2),
(3534,97,316,1,2),
(3535,33,316,1,1),
(3536,35,316,4,1),
(3537,51,316,1,1),
(3538,48,316,1,1),
(3539,53,316,1,1),
(3540,79,316,1,1),
(3541,50,316,1,1),
(3542,38,316,1,1),
(3543,40,316,1,1),
(3544,49,316,1,1),
(3545,42,316,3,1),
(3546,17,316,1,1),
(3547,13,316,1,1),
(3548,19,316,1,1),
(3549,45,316,2,1),
(3550,47,316,4,1),
(3551,43,316,1,1),
(3552,63,316,1,1),
(3553,30,316,2,1),
(3554,28,316,1,1),
(3555,31,316,3,1),
(3556,59,316,2,1),
(3557,41,316,5,1),
(3558,81,316,1,2),
(3559,5,316,1,1),
(3560,9,316,1,1),
(3561,73,316,1,1),
(3562,7,317,1,1),
(3563,8,317,1,1),
(3564,22,317,1,1),
(3565,25,317,1,1),
(3566,93,317,2,2),
(3567,94,317,16,2),
(3568,97,317,1,2),
(3569,33,317,1,1),
(3570,35,317,4,1),
(3571,51,317,1,1),
(3572,48,317,1,1),
(3573,53,317,1,1),
(3574,79,317,1,1),
(3575,50,317,1,1),
(3576,38,317,1,1),
(3577,40,317,1,1),
(3578,42,317,2,1),
(3579,13,317,1,1),
(3580,19,317,1,1),
(3581,45,317,2,1),
(3582,47,317,1,1),
(3583,43,317,1,1),
(3584,63,317,1,1),
(3585,18,317,1,1),
(3586,66,317,1,1),
(3587,61,317,1,1),
(3588,65,317,1,1),
(3589,30,317,3,1),
(3590,28,317,1,1),
(3591,31,317,2,1),
(3592,59,317,1,1),
(3593,41,317,4,1),
(3594,81,317,2,2),
(3595,71,317,1,1),
(3596,21,318,1,1),
(3597,93,318,2,2),
(3598,94,318,12,2),
(3599,33,318,1,1),
(3600,51,318,1,1),
(3601,52,318,1,1),
(3602,49,318,1,1),
(3603,42,318,1,1),
(3604,13,318,1,1),
(3605,47,318,3,1),
(3606,43,318,1,1),
(3607,18,318,1,1),
(3608,30,318,3,1),
(3609,28,318,1,1),
(3610,31,318,1,1),
(3611,81,318,1,2),
(3612,5,318,1,1),
(3613,9,318,1,1),
(3614,71,318,1,1),
(3615,85,318,1,1),
(3616,129,319,1,7),
(3617,131,319,1,7),
(3618,132,319,3,7),
(3619,133,319,2,7),
(3620,135,319,2,7),
(3621,128,319,1,7),
(3622,127,319,1,7),
(3623,126,319,1,7),
(3624,93,320,1,2),
(3625,94,320,16,2),
(3626,97,320,1,2),
(3627,81,320,1,2),
(3628,91,321,1,1),
(3629,8,321,1,1),
(3630,33,321,2,1),
(3631,35,321,4,1),
(3632,52,321,1,1),
(3633,53,321,1,1),
(3634,79,321,1,1),
(3635,49,321,1,1),
(3636,42,321,3,1),
(3637,15,321,1,1),
(3638,19,321,1,1),
(3639,45,321,2,1),
(3640,47,321,2,1),
(3641,63,321,2,1),
(3642,31,321,2,1),
(3643,59,321,1,1),
(3644,41,321,4,1),
(3645,12,321,1,1),
(3646,56,321,1,1),
(3647,73,321,1,1),
(3648,96,322,1,2),
(3649,93,322,3,2),
(3650,94,322,24,2),
(3651,97,322,2,2),
(3652,81,322,1,2),
(3653,80,322,1,2),
(3654,22,323,1,1),
(3655,21,323,1,1),
(3656,23,323,1,1),
(3657,24,323,1,1),
(3658,39,323,3,1),
(3659,48,323,1,1),
(3660,34,323,1,1),
(3661,38,323,1,1),
(3662,49,323,1,1),
(3663,42,323,1,1),
(3664,19,323,2,1),
(3665,93,324,1,2),
(3666,94,324,24,2),
(3667,97,324,1,2),
(3668,8,325,1,1),
(3669,24,325,2,1),
(3670,25,325,1,1),
(3671,96,325,1,2),
(3672,93,325,3,2),
(3673,94,325,24,2),
(3674,97,325,2,2),
(3675,37,325,2,1),
(3676,36,325,1,1),
(3677,35,325,6,1),
(3678,51,325,1,1),
(3679,52,325,1,1),
(3680,48,325,1,1),
(3681,79,325,1,1),
(3682,50,325,1,1),
(3683,38,325,1,1),
(3684,40,325,1,1),
(3685,20,325,1,1),
(3686,49,325,1,1),
(3687,42,325,3,1),
(3688,17,325,1,1),
(3689,13,325,1,1),
(3690,19,325,2,1),
(3691,45,325,2,1),
(3692,47,325,4,1),
(3693,63,325,2,1),
(3694,31,325,3,1),
(3695,80,325,1,2),
(3696,22,326,1,1),
(3697,21,326,1,1),
(3698,24,326,1,1),
(3699,25,326,1,1),
(3700,96,326,1,2),
(3701,93,326,2,2),
(3702,94,326,16,2),
(3703,33,326,3,1),
(3704,35,326,4,1),
(3705,52,326,1,1),
(3706,53,326,1,1),
(3707,79,326,1,1),
(3708,20,326,1,1),
(3709,49,326,1,1),
(3710,22,326,1,1),
(3711,21,326,1,1),
(3712,24,326,1,1),
(3713,25,326,1,1),
(3714,96,326,1,2),
(3715,93,326,2,2),
(3716,94,326,16,2),
(3717,33,326,3,1),
(3718,35,326,4,1),
(3719,52,326,1,1),
(3720,53,326,1,1),
(3721,79,326,1,1),
(3722,20,326,1,1),
(3723,49,326,1,1),
(3724,8,327,1,1),
(3725,26,327,1,1),
(3726,96,327,1,2),
(3727,93,327,1,2),
(3728,94,327,24,2),
(3729,97,327,2,2),
(3730,39,327,6,1),
(3731,35,327,4,1),
(3732,52,327,1,1),
(3733,48,327,1,1),
(3734,49,327,2,1),
(3735,42,327,3,1),
(3736,19,327,1,1),
(3737,45,327,2,1),
(3738,47,327,2,1),
(3739,63,327,2,1),
(3740,65,327,1,1),
(3741,30,327,2,1),
(3742,31,327,2,1),
(3743,41,327,3,1),
(3744,81,327,1,2),
(3745,80,327,1,2),
(3746,82,327,1,1),
(3747,5,327,1,1),
(3748,57,327,1,1),
(3749,56,327,1,1),
(3750,55,327,1,1),
(3751,8,328,1,1),
(3752,24,328,1,1),
(3753,93,328,1,2),
(3754,94,328,24,2),
(3755,97,328,1,2),
(3756,33,328,1,1),
(3757,39,328,6,1),
(3758,35,328,4,1),
(3759,52,328,1,1),
(3760,48,328,1,1),
(3761,34,328,1,1),
(3762,40,328,1,1),
(3763,49,328,1,1),
(3764,42,328,2,1),
(3765,15,328,1,1),
(3766,19,328,2,1),
(3767,63,328,2,1),
(3768,62,328,1,1),
(3769,65,328,1,1),
(3770,67,328,1,1),
(3771,30,328,3,1),
(3772,31,328,3,1),
(3773,75,328,1,1),
(3774,41,328,3,1),
(3775,81,328,2,2),
(3776,80,328,1,2),
(3777,22,329,1,1),
(3778,21,329,1,1),
(3779,39,329,6,1),
(3780,35,329,4,1),
(3781,52,329,1,1),
(3782,53,329,1,1),
(3783,79,329,1,1),
(3784,38,329,1,1),
(3785,49,329,1,1),
(3786,42,329,1,1),
(3787,93,330,2,2),
(3788,94,330,16,2),
(3789,97,330,1,2),
(3790,81,330,1,2),
(3791,7,331,1,1),
(3792,21,331,1,1),
(3793,26,331,1,1),
(3794,33,331,1,1),
(3795,37,331,1,1),
(3796,36,331,1,1),
(3797,39,331,3,1),
(3798,35,331,4,1),
(3799,51,331,1,1),
(3800,48,331,1,1),
(3801,50,331,1,1),
(3802,20,331,1,1),
(3803,49,331,1,1),
(3804,42,331,1,1),
(3805,13,331,1,1),
(3806,47,331,3,1),
(3807,63,331,2,1),
(3808,62,331,1,1),
(3809,41,331,4,1),
(3810,6,331,1,1),
(3811,54,331,1,1),
(3812,9,331,1,1),
(3813,85,331,1,1),
(3814,96,332,1,2),
(3815,93,332,4,2),
(3816,94,332,24,2),
(3817,97,332,1,2),
(3818,81,332,1,2),
(3819,80,332,1,2),
(3820,7,333,1,1),
(3821,22,333,1,1),
(3822,23,333,1,1),
(3823,33,333,1,1),
(3824,39,333,3,1),
(3825,52,333,1,1),
(3826,38,333,1,1),
(3827,40,333,1,1),
(3828,45,333,2,1),
(3829,46,333,1,1),
(3830,43,333,1,1),
(3831,18,333,1,1),
(3832,30,333,1,1),
(3833,31,333,1,1),
(3834,41,333,1,1),
(3835,85,333,1,1),
(3836,24,334,1,1),
(3837,25,334,1,1),
(3838,94,334,24,2),
(3839,39,334,6,1),
(3840,35,334,4,1),
(3841,52,334,1,1),
(3842,50,334,1,1),
(3843,34,334,1,1),
(3844,49,334,1,1),
(3845,42,334,1,1),
(3846,19,334,1,1),
(3847,47,334,2,1),
(3848,67,334,1,1),
(3849,41,334,2,1),
(3850,80,334,1,2),
(3851,10,334,1,1),
(3852,56,334,1,1),
(3853,85,334,1,1),
(3854,129,335,1,7),
(3855,130,335,1,7),
(3856,132,335,6,7),
(3857,135,335,6,7),
(3858,136,335,3,7),
(3859,8,336,1,1),
(3860,21,336,1,1),
(3861,25,336,1,1),
(3862,33,336,1,1),
(3863,37,336,1,1),
(3864,35,336,2,1),
(3865,48,336,1,1),
(3866,53,336,1,1),
(3867,79,336,1,1),
(3868,38,336,1,1),
(3869,49,336,1,1),
(3870,42,336,2,1),
(3871,19,336,1,1),
(3872,93,337,1,2),
(3873,94,337,24,2),
(3874,97,337,1,2),
(3875,81,337,1,2),
(3876,91,338,1,1),
(3877,8,338,1,1),
(3878,22,338,1,1),
(3879,21,338,1,1),
(3880,24,338,1,1),
(3881,96,338,1,2),
(3882,93,338,3,2),
(3883,94,338,16,2),
(3884,97,338,1,2),
(3885,33,338,1,1),
(3886,36,338,1,1),
(3887,39,338,6,1),
(3888,35,338,6,1),
(3889,51,338,1,1),
(3890,48,338,1,1),
(3891,50,338,1,1),
(3892,40,338,1,1),
(3893,49,338,2,1),
(3894,42,338,1,1),
(3895,19,338,1,1),
(3896,45,338,2,1),
(3897,47,338,2,1),
(3898,30,338,1,1),
(3899,28,338,1,1),
(3900,41,338,4,1),
(3901,56,338,1,1),
(3902,91,338,1,1),
(3903,8,338,1,1),
(3904,22,338,1,1),
(3905,21,338,1,1),
(3906,24,338,1,1),
(3907,96,338,1,2),
(3908,93,338,3,2),
(3909,94,338,16,2),
(3910,97,338,1,2),
(3911,33,338,1,1),
(3912,36,338,1,1),
(3913,39,338,6,1),
(3914,35,338,6,1),
(3915,51,338,1,1),
(3916,48,338,1,1),
(3917,50,338,1,1),
(3918,40,338,1,1),
(3919,49,338,2,1),
(3920,42,338,1,1),
(3921,19,338,1,1),
(3922,45,338,2,1),
(3923,47,338,2,1),
(3924,30,338,1,1),
(3925,28,338,1,1),
(3926,41,338,4,1),
(3927,56,338,1,1),
(3928,91,338,1,1),
(3929,8,338,1,1),
(3930,22,338,1,1),
(3931,21,338,1,1),
(3932,24,338,1,1),
(3933,96,338,1,2),
(3934,93,338,3,2),
(3935,94,338,16,2),
(3936,97,338,1,2),
(3937,33,338,1,1),
(3938,36,338,1,1),
(3939,39,338,6,1),
(3940,35,338,6,1),
(3941,51,338,1,1),
(3942,48,338,1,1),
(3943,50,338,1,1),
(3944,40,338,1,1),
(3945,49,338,2,1),
(3946,42,338,1,1),
(3947,19,338,1,1),
(3948,45,338,2,1),
(3949,47,338,2,1),
(3950,30,338,1,1),
(3951,28,338,1,1),
(3952,41,338,4,1),
(3953,56,338,1,1),
(3954,91,338,1,1),
(3955,8,338,1,1),
(3956,22,338,1,1),
(3957,21,338,1,1),
(3958,24,338,1,1),
(3959,96,338,1,2),
(3960,93,338,3,2),
(3961,94,338,16,2),
(3962,97,338,1,2),
(3963,33,338,1,1),
(3964,36,338,1,1),
(3965,39,338,6,1),
(3966,35,338,6,1),
(3967,51,338,1,1),
(3968,48,338,1,1),
(3969,50,338,1,1),
(3970,40,338,1,1),
(3971,49,338,2,1),
(3972,42,338,1,1),
(3973,19,338,1,1),
(3974,45,338,2,1),
(3975,47,338,2,1),
(3976,30,338,1,1),
(3977,28,338,1,1),
(3978,41,338,4,1),
(3979,56,338,1,1),
(3980,21,339,1,1),
(3981,25,339,1,1),
(3982,26,339,1,1),
(3983,96,339,1,2),
(3984,94,339,8,2),
(3985,97,339,1,2),
(3986,33,339,1,1),
(3987,52,339,1,1),
(3988,79,339,1,1),
(3989,34,339,1,1),
(3990,42,339,2,1),
(3991,14,339,1,1),
(3992,16,339,1,1),
(3993,45,339,2,1),
(3994,47,339,2,1),
(3995,43,339,1,1),
(3996,18,339,1,1),
(3997,41,339,3,1),
(3998,81,339,1,2),
(3999,10,339,1,1),
(4000,12,339,1,1),
(4001,9,339,1,1),
(4002,73,339,1,1),
(4003,8,340,1,1),
(4004,22,340,1,1),
(4005,21,340,1,1),
(4006,26,340,1,1),
(4007,93,340,3,2),
(4008,94,340,25,2),
(4009,39,340,3,1),
(4010,35,340,4,1),
(4011,53,340,1,1),
(4012,38,340,1,1),
(4013,49,340,1,1),
(4014,42,340,1,1),
(4015,13,340,1,1),
(4016,19,340,1,1),
(4017,45,340,1,1),
(4018,47,340,3,1),
(4019,63,340,2,1),
(4020,61,340,1,1),
(4021,62,340,1,1),
(4022,60,340,1,1),
(4023,31,340,2,1),
(4024,59,340,1,1),
(4025,41,340,2,1),
(4026,81,340,1,2),
(4027,82,340,1,1),
(4028,7,341,1,1),
(4029,21,341,1,1),
(4030,33,341,1,1),
(4031,48,341,1,1),
(4032,20,341,1,1),
(4033,42,341,2,1),
(4034,46,341,1,1),
(4035,47,341,2,1),
(4036,63,341,1,1),
(4037,59,341,1,1),
(4038,41,341,2,1),
(4039,22,342,1,1),
(4040,23,342,1,1),
(4041,24,342,1,1),
(4042,25,342,1,1),
(4043,93,342,1,2),
(4044,94,342,16,2),
(4045,97,342,2,2),
(4046,33,342,1,1),
(4047,37,342,1,1),
(4048,35,342,4,1),
(4049,52,342,1,1),
(4050,50,342,1,1),
(4051,38,342,1,1),
(4052,40,342,1,1),
(4053,49,342,1,1),
(4054,42,342,1,1),
(4055,15,342,1,1),
(4056,19,342,1,1),
(4057,45,342,2,1),
(4058,47,342,3,1),
(4059,43,342,1,1),
(4060,63,342,2,1),
(4061,65,342,1,1),
(4062,30,342,2,1),
(4063,28,342,1,1),
(4064,41,342,3,1),
(4065,81,342,1,2),
(4066,9,342,1,1),
(4067,8,343,1,1),
(4068,24,343,1,1),
(4069,94,343,16,2),
(4070,33,343,1,1),
(4071,35,343,4,1),
(4072,51,343,1,1),
(4073,52,343,1,1),
(4074,48,343,1,1),
(4075,79,343,1,1),
(4076,50,343,1,1),
(4077,34,343,1,1),
(4078,49,343,1,1),
(4079,42,343,2,1),
(4080,19,343,1,1),
(4081,47,343,2,1),
(4082,63,343,2,1),
(4083,41,343,4,1),
(4084,81,343,1,2),
(4085,80,343,1,2),
(4086,82,343,1,1),
(4087,12,343,1,1),
(4088,5,343,1,1),
(4089,57,343,1,1),
(4090,58,343,1,1),
(4091,96,344,1,2),
(4092,93,344,3,2),
(4093,94,344,36,2),
(4094,97,344,1,2),
(4095,81,344,1,2),
(4096,80,344,1,2),
(4097,7,345,1,1),
(4098,22,345,1,1),
(4099,25,345,1,1),
(4100,33,345,1,1),
(4101,39,345,6,1),
(4102,35,345,4,1),
(4103,52,345,1,1),
(4104,53,345,1,1),
(4105,40,345,1,1),
(4106,49,345,1,1),
(4107,18,345,1,1),
(4108,66,345,1,1),
(4109,62,345,1,1),
(4110,68,345,1,1),
(4111,30,345,3,1),
(4112,31,345,1,1),
(4113,41,345,1,1),
(4114,91,346,1,1),
(4115,92,346,1,1),
(4116,8,346,1,1),
(4117,21,346,1,1),
(4118,24,346,1,1),
(4119,26,346,1,1),
(4120,33,346,1,1),
(4121,36,346,1,1),
(4122,48,346,1,1),
(4123,50,346,1,1),
(4124,38,346,1,1),
(4125,40,346,1,1),
(4126,20,346,1,1),
(4127,49,346,1,1),
(4128,42,346,2,1),
(4129,19,346,1,1),
(4130,45,346,3,1),
(4131,46,346,1,1),
(4132,47,346,2,1),
(4133,65,346,1,1),
(4134,31,346,2,1),
(4135,75,346,1,1),
(4136,59,346,1,1),
(4137,78,346,1,1),
(4138,29,346,1,1),
(4139,76,346,1,1),
(4140,41,346,3,1),
(4141,10,346,1,1),
(4142,5,346,1,1),
(4143,73,346,1,1),
(4144,71,346,1,1),
(4145,33,347,1,1),
(4146,35,347,4,1),
(4147,52,347,1,1),
(4148,79,347,1,1),
(4149,34,347,1,1),
(4150,49,347,1,1),
(4151,42,347,1,1),
(4152,19,347,1,1),
(4153,47,347,4,1),
(4154,63,347,1,1),
(4155,41,347,2,1),
(4156,8,348,1,1),
(4157,22,348,1,1),
(4158,21,348,1,1),
(4159,39,348,12,1),
(4160,51,348,1,1),
(4161,52,348,1,1),
(4162,50,348,1,1),
(4163,42,348,2,1),
(4164,13,348,1,1),
(4165,43,348,1,1),
(4166,66,348,1,1),
(4167,41,348,1,1),
(4168,139,349,2,7),
(4169,140,350,1,1),
(4170,8,350,1,1),
(4171,21,350,1,1),
(4172,24,350,1,1),
(4173,25,350,1,1),
(4174,26,350,1,1),
(4175,96,350,1,2),
(4176,93,350,1,2),
(4177,94,350,12,2),
(4178,97,350,1,2),
(4179,35,350,3,1),
(4180,17,350,1,1),
(4181,19,350,1,1),
(4182,47,350,2,1),
(4183,63,350,2,1),
(4184,18,350,1,1),
(4185,62,350,1,1),
(4186,31,350,1,1),
(4187,78,350,1,1),
(4188,41,350,4,1),
(4189,81,350,1,2),
(4190,10,350,1,1),
(4191,143,351,1,1),
(4192,142,351,1,1),
(4193,141,351,1,1),
(4194,22,352,1,1),
(4195,21,352,1,1),
(4196,33,352,1,1),
(4197,35,352,2,1),
(4198,34,352,1,1),
(4199,38,352,1,1),
(4200,49,352,1,1),
(4201,42,352,1,1),
(4202,19,352,1,1),
(4203,47,352,2,1),
(4204,63,352,2,1),
(4205,18,352,1,1),
(4206,30,352,2,1),
(4207,59,352,1,1),
(4208,74,352,1,1),
(4209,82,352,1,1),
(4210,56,352,1,1),
(4211,55,352,1,1),
(4212,93,353,1,2),
(4213,94,353,16,2),
(4214,97,353,1,2),
(4215,81,353,1,2),
(4216,80,353,1,2),
(4217,23,354,1,1),
(4218,24,354,1,1),
(4219,33,354,1,1),
(4220,36,354,1,1),
(4221,37,354,1,1),
(4222,39,354,3,1),
(4223,48,354,1,1),
(4224,50,354,1,1),
(4225,40,354,1,1),
(4226,49,354,1,1),
(4227,44,354,20,1),
(4228,46,354,1,1),
(4229,41,354,3,1),
(4230,9,354,1,1),
(4231,24,355,1,1),
(4232,25,355,1,1),
(4233,93,355,2,2),
(4234,95,355,24,2),
(4235,97,355,1,2),
(4236,33,355,1,1),
(4237,39,355,6,1),
(4238,35,355,4,1),
(4239,52,355,1,1),
(4240,48,355,1,1),
(4241,20,355,1,1),
(4242,42,355,2,1),
(4243,45,355,2,1),
(4244,47,355,2,1),
(4245,18,355,1,1),
(4246,66,355,1,1),
(4247,28,355,1,1),
(4248,41,355,2,1),
(4249,81,355,1,2),
(4250,12,355,1,1),
(4251,143,355,1,1),
(4252,142,355,1,1),
(4253,8,356,1,1),
(4254,22,356,1,1),
(4255,21,356,1,1),
(4256,35,356,2,1),
(4257,51,356,1,1),
(4258,52,356,1,1),
(4259,53,356,1,1),
(4260,79,356,1,1),
(4261,50,356,1,1),
(4262,49,356,1,1),
(4263,15,356,1,1),
(4264,19,356,1,1),
(4265,44,356,20,1),
(4266,47,356,2,1),
(4267,43,356,1,1),
(4268,63,356,2,1),
(4269,62,356,1,1),
(4270,59,356,1,1),
(4271,41,356,3,1),
(4272,10,356,1,1),
(4273,57,356,1,1),
(4274,9,356,1,1),
(4275,73,356,1,1),
(4276,140,357,1,1),
(4277,144,357,1,1),
(4278,7,357,1,1),
(4279,22,357,1,1),
(4280,21,357,1,1),
(4281,24,357,1,1),
(4282,25,357,1,1),
(4283,26,357,1,1),
(4284,96,357,1,2),
(4285,93,357,2,2),
(4286,94,357,16,2),
(4287,95,357,4,2),
(4288,97,357,1,2),
(4289,33,357,1,1),
(4290,39,357,6,1),
(4291,35,357,4,1),
(4292,51,357,1,1),
(4293,52,357,1,1),
(4294,34,357,1,1),
(4295,38,357,1,1),
(4296,49,357,1,1),
(4297,42,357,1,1),
(4298,14,357,1,1),
(4299,16,357,1,1),
(4300,45,357,2,1),
(4301,18,357,1,1),
(4302,65,357,1,1),
(4303,30,357,3,1),
(4304,31,357,1,1),
(4305,41,357,4,1),
(4306,81,357,1,2),
(4307,80,357,1,2),
(4308,82,357,1,1),
(4309,58,357,1,1),
(4310,33,358,1,1),
(4311,48,358,1,1),
(4312,49,358,1,1),
(4313,42,358,1,1),
(4314,13,358,1,1),
(4315,19,358,1,1),
(4316,45,358,2,1),
(4317,47,358,2,1),
(4318,63,358,1,1),
(4319,61,358,1,1),
(4320,67,358,1,1),
(4321,28,358,1,1),
(4322,31,358,1,1),
(4323,75,358,1,1),
(4324,59,358,1,1),
(4325,41,358,1,1),
(4326,143,358,1,1),
(4327,142,358,1,1),
(4328,141,358,1,1),
(4329,8,359,1,1),
(4330,22,359,1,1),
(4331,21,359,1,1),
(4332,25,359,1,1),
(4333,96,359,1,2),
(4334,93,359,2,2),
(4335,94,359,16,2),
(4336,97,359,1,2),
(4337,33,359,1,1),
(4338,39,359,6,1),
(4339,35,359,4,1),
(4340,52,359,1,1),
(4341,53,359,1,1),
(4342,79,359,1,1),
(4343,50,359,1,1),
(4344,34,359,1,1),
(4345,40,359,1,1),
(4346,42,359,2,1),
(4347,44,359,1,1),
(4348,47,359,2,1),
(4349,63,359,2,1),
(4350,31,359,3,1),
(4351,41,359,3,1),
(4352,81,359,1,2),
(4353,80,359,1,2),
(4354,10,359,1,1),
(4355,56,359,1,1),
(4356,54,359,1,1),
(4357,9,359,1,1),
(4358,21,360,1,1),
(4359,33,360,1,1),
(4360,35,360,2,1),
(4361,52,360,1,1),
(4362,34,360,1,1),
(4363,38,360,1,1),
(4364,20,360,1,1),
(4365,49,360,1,1),
(4366,42,360,1,1),
(4367,46,360,1,1),
(4368,66,360,1,1),
(4369,62,360,1,1),
(4370,67,360,1,1),
(4371,31,360,1,1),
(4372,59,360,1,1),
(4373,41,360,1,1),
(4374,12,360,1,1),
(4375,5,360,1,1),
(4376,73,360,1,1),
(4377,71,360,1,1),
(4378,70,360,1,1),
(4379,142,360,1,1),
(4380,140,361,1,1),
(4381,8,361,1,1),
(4382,22,361,1,1),
(4383,21,361,1,1),
(4384,23,361,1,1),
(4385,26,361,1,1),
(4386,96,361,1,2),
(4387,93,361,2,2),
(4388,94,361,24,2),
(4389,95,361,8,2),
(4390,33,361,1,1),
(4391,37,361,1,1),
(4392,39,361,6,1),
(4393,35,361,2,1),
(4394,48,361,1,1),
(4395,50,361,1,1),
(4396,38,361,1,1),
(4397,40,361,1,1),
(4398,49,361,1,1),
(4399,42,361,2,1),
(4400,19,361,1,1),
(4401,44,361,1,1),
(4402,47,361,2,1),
(4403,63,361,1,1),
(4404,18,361,1,1),
(4405,41,361,4,1),
(4406,142,361,1,1),
(4407,24,362,1,1),
(4408,25,362,1,1),
(4409,93,362,2,2),
(4410,94,362,8,2),
(4411,97,362,2,2),
(4412,35,362,4,1),
(4413,52,362,1,1),
(4414,53,362,1,1),
(4415,79,362,1,1),
(4416,49,362,1,1),
(4417,42,362,2,1),
(4418,13,362,1,1),
(4419,19,362,1,1),
(4420,45,362,2,1),
(4421,47,362,2,1),
(4422,66,362,1,1),
(4423,62,362,1,1),
(4424,65,362,1,1),
(4425,60,362,1,1),
(4426,30,362,2,1),
(4427,31,362,1,1),
(4428,59,362,1,1),
(4429,41,362,2,1),
(4430,81,362,1,2),
(4431,85,362,1,1),
(4432,142,362,1,1),
(4433,22,363,1,1),
(4434,21,363,1,1),
(4435,24,363,1,1),
(4436,25,363,1,1),
(4437,36,363,1,1),
(4438,37,363,1,1),
(4439,39,363,1,1),
(4440,35,363,4,1),
(4441,52,363,1,1),
(4442,48,363,1,1),
(4443,53,363,1,1),
(4444,79,363,1,1),
(4445,50,363,1,1),
(4446,49,363,1,1),
(4447,42,363,2,1),
(4448,19,363,1,1),
(4449,45,363,2,1),
(4450,46,363,1,1),
(4451,47,363,2,1),
(4452,43,363,1,1),
(4453,63,363,1,1),
(4454,66,363,1,1),
(4455,62,363,1,1),
(4456,65,363,1,1),
(4457,69,363,1,1),
(4458,30,363,2,1),
(4459,31,363,1,1),
(4460,75,363,1,1),
(4461,59,363,1,1),
(4462,41,363,3,1),
(4463,142,363,1,1),
(4464,91,364,1,1),
(4465,7,364,1,1),
(4466,8,364,1,1),
(4467,21,364,1,1),
(4468,93,364,1,2),
(4469,94,364,16,2),
(4470,97,364,1,2),
(4471,35,364,4,1),
(4472,34,364,1,1),
(4473,42,364,2,1),
(4474,15,364,1,1),
(4475,47,364,2,1),
(4476,31,364,2,1),
(4477,41,364,1,1),
(4478,80,364,1,2),
(4479,82,364,1,1),
(4480,143,364,1,1),
(4481,93,366,2,2),
(4482,94,366,16,2),
(4483,97,366,1,2),
(4484,81,366,1,2),
(4485,140,367,1,1),
(4486,7,367,1,1),
(4487,22,367,1,1),
(4488,21,367,1,1),
(4489,25,367,1,1),
(4490,26,367,1,1),
(4491,96,367,1,2),
(4492,94,367,16,2),
(4493,33,367,1,1),
(4494,39,367,6,1),
(4495,35,367,1,1),
(4496,52,367,1,1),
(4497,50,367,1,1),
(4498,34,367,1,1),
(4499,38,367,1,1),
(4500,40,367,1,1),
(4501,20,367,1,1),
(4502,49,367,1,1),
(4503,42,367,1,1),
(4504,19,367,1,1),
(4505,45,367,2,1),
(4506,63,367,2,1),
(4507,18,367,1,1),
(4508,66,367,1,1),
(4509,62,367,1,1),
(4510,60,367,1,1),
(4511,64,367,1,1),
(4512,68,367,1,1),
(4513,28,367,1,1),
(4514,59,367,1,1),
(4515,41,367,3,1),
(4516,5,367,1,1),
(4517,58,367,1,1),
(4518,56,367,1,1),
(4519,93,368,2,2),
(4521,97,368,1,2),
(4522,80,368,1,2),
(4523,94,368,7,2),
(4524,8,369,1,1),
(4525,21,369,1,1),
(4526,25,369,1,1),
(4527,33,369,1,1),
(4528,35,369,2,1),
(4529,52,369,1,1),
(4530,48,369,1,1),
(4531,53,369,1,1),
(4532,79,369,1,1),
(4533,49,369,1,1),
(4534,42,369,1,1),
(4535,47,369,2,1),
(4536,63,369,2,1),
(4537,30,369,3,1),
(4538,31,369,2,1),
(4539,59,369,1,1),
(4540,41,369,3,1),
(4541,55,369,1,1),
(4542,73,369,1,1),
(4543,143,369,1,1),
(4544,142,369,1,1),
(4545,92,370,1,1),
(4546,22,370,1,1),
(4547,21,370,1,1),
(4548,26,370,1,1),
(4549,35,370,4,1),
(4550,52,370,1,1),
(4551,34,370,1,1),
(4552,42,370,2,1),
(4553,19,370,1,1),
(4554,44,370,12,1),
(4555,45,370,2,1),
(4556,47,370,2,1),
(4557,65,370,1,1),
(4558,64,370,1,1),
(4559,30,370,2,1),
(4560,28,370,1,1),
(4561,41,370,3,1),
(4562,10,370,1,1),
(4563,12,370,1,1),
(4564,139,371,3,7),
(4565,132,371,3,7),
(4566,133,371,3,7),
(4567,135,371,3,7),
(4568,136,371,3,7),
(4569,127,371,1,7),
(4570,126,371,1,7),
(4571,125,371,1,7),
(4572,24,372,1,1),
(4573,96,372,1,2),
(4574,93,372,2,2),
(4575,94,372,16,2),
(4576,97,372,1,2),
(4577,35,372,1,1),
(4578,49,372,1,1),
(4579,47,372,2,1),
(4580,43,372,1,1),
(4581,61,372,1,1),
(4582,41,372,2,1),
(4583,81,372,1,2),
(4584,143,372,1,1),
(4585,142,372,1,1),
(4586,22,373,1,1),
(4587,21,373,1,1),
(4588,33,373,1,1),
(4589,36,373,1,1),
(4590,39,373,6,1),
(4591,35,373,2,1),
(4592,52,373,1,1),
(4593,38,373,1,1),
(4594,40,373,1,1),
(4595,42,373,2,1),
(4596,63,373,2,1),
(4597,18,373,1,1),
(4598,62,373,1,1),
(4599,77,373,1,1),
(4600,75,373,1,1),
(4601,27,373,1,1),
(4602,85,373,1,1),
(4603,7,374,1,1),
(4604,8,374,1,1),
(4605,21,374,1,1),
(4606,25,374,1,1),
(4607,96,374,1,2),
(4608,93,374,2,2),
(4609,94,374,24,2),
(4610,97,374,1,2),
(4611,33,374,1,1),
(4612,35,374,2,1),
(4613,51,374,1,1),
(4614,52,374,1,1),
(4615,48,374,1,1),
(4616,50,374,1,1),
(4617,34,374,1,1),
(4618,38,374,1,1),
(4619,49,374,1,1),
(4620,42,374,2,1),
(4621,45,374,2,1),
(4622,47,374,1,1),
(4623,63,374,2,1),
(4624,66,374,1,1),
(4625,31,374,2,1),
(4626,41,374,3,1),
(4627,81,374,1,2),
(4628,80,374,1,2),
(4629,82,374,1,1),
(4630,10,374,1,1),
(4631,57,374,1,1),
(4632,142,374,1,1),
(4633,7,375,1,1),
(4634,8,375,1,1),
(4635,21,375,1,1),
(4636,23,375,1,1),
(4637,25,375,1,1),
(4638,96,375,1,2),
(4639,93,375,2,2),
(4640,94,375,24,2),
(4641,97,375,1,2),
(4642,33,375,1,1),
(4643,51,375,1,1),
(4644,52,375,1,1),
(4645,48,375,1,1),
(4646,50,375,1,1),
(4647,34,375,1,1),
(4648,38,375,1,1),
(4649,49,375,1,1),
(4650,42,375,2,1),
(4651,44,375,1,1),
(4652,45,375,2,1),
(4653,47,375,2,1),
(4654,63,375,2,1),
(4655,77,375,1,1),
(4656,31,375,2,1),
(4657,41,375,3,1),
(4658,81,375,1,2),
(4659,80,375,1,2),
(4660,82,375,1,1),
(4661,57,375,1,1),
(4662,143,375,1,1),
(4663,142,375,1,1),
(4664,22,376,1,1),
(4665,21,376,1,1),
(4666,24,376,1,1),
(4667,25,376,1,1),
(4668,39,376,3,1),
(4669,35,376,4,1),
(4670,51,376,1,1),
(4671,53,376,0,1),
(4673,50,376,1,1),
(4674,49,376,1,1),
(4675,42,376,2,1),
(4684,79,376,0,1),
(4688,10,377,1,1),
(4689,9,377,1,1),
(4690,13,378,1,1),
(4691,19,378,1,1),
(4692,46,378,1,1),
(4693,77,378,1,1),
(4694,30,378,3,1),
(4695,59,378,1,1),
(4696,41,378,3,1),
(4697,10,378,1,1),
(4698,56,378,1,1),
(4699,8,379,1,1),
(4700,22,379,1,1),
(4701,21,379,1,1),
(4702,26,379,1,1),
(4703,93,379,2,2),
(4704,94,379,24,2),
(4705,97,379,1,2),
(4706,33,379,1,1),
(4707,39,379,3,1),
(4708,35,379,4,1),
(4709,52,379,1,1),
(4710,48,379,1,1),
(4711,34,379,1,1),
(4712,38,379,1,1),
(4713,49,379,1,1),
(4714,42,379,1,1),
(4715,17,379,1,1),
(4716,19,379,1,1),
(4717,44,379,1,1),
(4718,47,379,1,1),
(4719,63,379,2,1),
(4720,18,379,1,1),
(4721,41,379,2,1),
(4722,81,379,1,2),
(4723,5,379,1,1),
(4724,21,380,1,1),
(4725,24,380,1,1),
(4726,25,380,1,1),
(4727,96,380,1,2),
(4728,97,380,1,2),
(4729,33,380,1,1),
(4730,36,380,1,1),
(4731,39,380,6,1),
(4732,35,380,4,1),
(4733,48,380,1,1),
(4734,53,380,1,1),
(4735,79,380,1,1),
(4736,40,380,1,1),
(4737,49,380,1,1),
(4738,42,380,2,1),
(4739,17,380,1,1),
(4740,15,380,1,1),
(4741,44,380,1,1),
(4742,45,380,2,1),
(4743,43,380,1,1),
(4744,62,380,1,1),
(4745,77,380,1,1),
(4746,30,380,2,1),
(4747,28,380,1,1),
(4748,59,380,1,1),
(4749,41,380,4,1),
(4750,82,380,1,1),
(4751,12,380,1,1),
(4752,73,380,1,1),
(4753,71,380,1,1),
(4754,143,380,1,1),
(4755,142,380,1,1),
(4756,93,381,2,2),
(4758,97,381,1,2),
(4759,94,381,16,2),
(4760,8,382,1,1),
(4761,22,382,1,1),
(4762,21,382,1,1),
(4763,24,382,1,1),
(4764,25,382,1,1),
(4765,26,382,1,1),
(4766,33,382,1,1),
(4767,39,382,6,1),
(4768,35,382,2,1),
(4769,52,382,1,1),
(4770,34,382,1,1),
(4771,38,382,1,1),
(4772,42,382,1,1),
(4773,17,382,1,1),
(4774,19,382,1,1),
(4775,44,382,12,1),
(4776,45,382,2,1),
(4777,46,382,1,1),
(4778,47,382,2,1),
(4779,63,382,2,1),
(4780,18,382,1,1),
(4781,77,382,1,1),
(4782,41,382,2,1),
(4783,10,382,1,1),
(4784,9,382,1,1),
(4785,143,382,1,1),
(4786,142,382,1,1),
(4787,22,383,1,1),
(4788,21,383,1,1),
(4789,26,383,1,1),
(4791,33,383,1,1),
(4792,37,383,1,1),
(4793,39,383,6,1),
(4794,35,383,4,1),
(4795,51,383,1,1),
(4796,52,383,1,1),
(4797,48,383,1,1),
(4798,50,383,1,1),
(4799,40,383,1,1),
(4800,20,383,1,1),
(4801,49,383,1,1),
(4802,42,383,2,1),
(4803,19,383,1,1),
(4804,44,383,12,1),
(4805,45,383,2,1),
(4806,47,383,2,1),
(4807,18,383,1,1),
(4808,62,383,1,1),
(4809,65,383,1,1),
(4810,64,383,1,1),
(4811,77,383,1,1),
(4812,30,383,3,1),
(4813,31,383,2,1),
(4814,41,383,4,1),
(4815,11,383,1,1),
(4816,143,383,1,1),
(4817,142,383,1,1),
(4818,140,384,1,1),
(4819,92,384,1,1),
(4820,8,384,1,1),
(4821,38,384,1,1),
(4822,42,384,1,1),
(4823,44,384,12,1),
(4824,47,384,2,1),
(4825,77,384,1,1),
(4826,59,384,1,1),
(4827,41,384,1,1),
(4828,82,384,1,1),
(4829,91,385,1,1),
(4830,140,385,1,1),
(4831,7,385,1,1),
(4832,21,385,1,1),
(4833,24,385,1,1),
(4834,25,385,1,1),
(4835,96,385,1,2),
(4836,93,385,2,2),
(4837,94,385,24,2),
(4838,95,385,8,2),
(4839,97,385,1,2),
(4840,33,385,1,1),
(4841,35,385,4,1),
(4842,52,385,1,1),
(4843,48,385,1,1),
(4844,53,385,1,1),
(4845,79,385,1,1),
(4846,50,385,1,1),
(4847,34,385,1,1),
(4848,38,385,1,1),
(4849,49,385,1,1),
(4850,42,385,2,1),
(4851,19,385,1,1),
(4852,44,385,12,1),
(4853,47,385,1,1),
(4854,63,385,1,1),
(4855,18,385,1,1),
(4856,77,385,1,1),
(4857,30,385,2,1),
(4858,59,385,1,1),
(4859,41,385,4,1),
(4860,81,385,1,2),
(4861,80,385,1,2),
(4862,10,385,1,1),
(4863,5,385,1,1),
(4864,58,385,1,1),
(4865,73,385,1,1),
(4866,85,385,1,1),
(4867,7,386,1,1),
(4868,22,386,2,1),
(4869,21,386,2,1),
(4870,23,386,1,1),
(4871,39,386,6,1),
(4872,35,386,2,1),
(4873,52,386,1,1),
(4874,34,386,1,1),
(4875,49,386,1,1),
(4876,68,386,1,1),
(4877,41,386,1,1),
(4878,57,386,1,1),
(4879,58,386,1,1),
(4880,56,386,1,1),
(4881,55,386,1,1),
(4882,9,386,1,1),
(4883,25,387,1,1),
(4884,26,387,1,1),
(4885,33,387,1,1),
(4886,52,387,1,1),
(4887,42,387,2,1),
(4888,13,387,1,1),
(4889,14,387,1,1),
(4890,44,387,12,1),
(4891,46,387,1,1),
(4892,47,387,2,1),
(4893,43,387,1,1),
(4894,66,387,1,1),
(4895,59,387,1,1),
(4896,41,387,3,1),
(4897,85,387,1,1),
(4898,8,388,1,1),
(4899,22,388,2,1),
(4900,21,388,3,1),
(4901,24,388,1,1),
(4902,96,388,1,2),
(4903,93,388,2,2),
(4904,94,388,16,2),
(4905,97,388,1,2),
(4906,33,388,1,1),
(4907,39,388,6,1),
(4908,35,388,4,1),
(4909,48,388,1,1),
(4910,53,388,1,1),
(4911,79,388,1,1),
(4912,50,388,1,1),
(4913,38,388,1,1),
(4914,40,388,1,1),
(4915,49,388,1,1),
(4916,42,388,2,1),
(4917,16,388,1,1),
(4918,19,388,1,1),
(4919,44,388,12,1),
(4920,45,388,2,1),
(4921,46,388,1,1),
(4922,47,388,2,1),
(4923,63,388,2,1),
(4924,18,388,1,1),
(4925,62,388,1,1),
(4926,59,388,1,1),
(4927,41,388,2,1),
(4928,81,388,1,2),
(4929,80,388,1,2),
(4930,12,388,1,1),
(4931,143,388,1,1),
(4932,142,388,1,1),
(4934,91,390,2,1),
(4935,140,390,2,1);

/*Table structure for table `joinitemtolist` */

DROP TABLE IF EXISTS `joinitemtolist`;

CREATE TABLE `joinitemtolist` (
  `ID` int NOT NULL AUTO_INCREMENT,
  `ItemID` int NOT NULL,
  `ListID` int NOT NULL,
  `OrderBy` int NOT NULL,
  PRIMARY KEY (`ID`),
  KEY `AccountListKey` (`ListID`),
  KEY `ListItemKey` (`ItemID`),
  CONSTRAINT `AccountListKey` FOREIGN KEY (`ListID`) REFERENCES `list` (`ListID`),
  CONSTRAINT `ListItemKey` FOREIGN KEY (`ItemID`) REFERENCES `item` (`ItemID`)
) ENGINE=InnoDB AUTO_INCREMENT=175 DEFAULT CHARSET=latin1;

/*Data for the table `joinitemtolist` */

insert  into `joinitemtolist`(`ID`,`ItemID`,`ListID`,`OrderBy`) values 
(23,6,1,76),
(24,7,1,5),
(25,8,1,6),
(26,9,1,82),
(27,10,1,72),
(28,11,1,73),
(29,12,1,74),
(30,13,1,36),
(31,14,1,37),
(32,15,1,38),
(33,16,1,39),
(34,17,1,35),
(35,18,1,47),
(36,19,1,40),
(37,20,1,32),
(38,21,1,8),
(39,22,1,7),
(40,23,1,9),
(41,24,1,10),
(42,25,1,11),
(43,26,1,12),
(44,27,1,66),
(45,28,1,59),
(46,29,1,64),
(47,30,1,58),
(48,31,1,60),
(49,32,1,95),
(50,33,1,18),
(51,34,1,29),
(52,35,1,22),
(53,36,1,19),
(54,37,1,20),
(55,38,1,30),
(56,39,1,21),
(57,40,1,31),
(58,41,1,68),
(59,42,1,34),
(60,43,1,45),
(61,44,1,41),
(62,45,1,42),
(63,46,1,43),
(64,47,1,44),
(65,48,1,25),
(66,49,1,33),
(67,50,1,28),
(68,51,1,23),
(69,52,1,24),
(70,53,1,26),
(71,54,1,81),
(72,55,1,80),
(73,56,1,79),
(74,57,1,77),
(75,58,1,78),
(76,59,1,62),
(77,60,1,52),
(78,61,1,49),
(79,62,1,50),
(80,63,1,46),
(81,64,1,54),
(82,65,1,51),
(83,66,1,48),
(84,67,1,53),
(85,68,1,56),
(86,69,1,55),
(87,70,1,86),
(88,71,1,85),
(89,72,1,84),
(90,73,1,83),
(91,74,1,67),
(92,75,1,61),
(93,76,1,65),
(94,77,1,57),
(95,78,1,63),
(96,79,1,27),
(97,80,1,70),
(98,81,1,69),
(99,82,1,71),
(100,83,1,93),
(101,84,1,92),
(102,85,1,91),
(103,86,1,90),
(104,87,1,94),
(105,88,1,89),
(106,89,1,88),
(107,90,1,87),
(108,91,1,1),
(109,92,1,4),
(111,5,1,75),
(114,97,1,17),
(115,96,1,13),
(116,95,1,16),
(120,94,1,15),
(121,93,1,14),
(122,98,2,6),
(123,99,4,1),
(124,100,4,2),
(125,101,4,3),
(126,102,4,4),
(127,103,4,5),
(128,104,4,6),
(129,105,4,7),
(130,106,4,8),
(131,107,4,9),
(132,117,2,1),
(133,118,2,2),
(134,119,2,3),
(135,120,2,5),
(136,121,2,4),
(137,122,2,7),
(138,123,2,8),
(139,124,2,9),
(149,125,2,1),
(150,126,2,1),
(151,127,2,1),
(152,128,2,1),
(153,129,2,1),
(154,130,2,1),
(155,131,2,1),
(156,132,2,1),
(157,133,2,1),
(158,134,2,1),
(159,135,2,1),
(160,136,2,1),
(161,137,2,1),
(162,138,2,1),
(163,139,2,1),
(164,80,6,1),
(165,140,1,2),
(166,143,1,96),
(167,144,1,3),
(170,142,1,97),
(171,141,1,98),
(174,5,2,1);

/*Table structure for table `joinitemtoorderrules` */

DROP TABLE IF EXISTS `joinitemtoorderrules`;

CREATE TABLE `joinitemtoorderrules` (
  `ID` int NOT NULL AUTO_INCREMENT,
  `ItemID` int NOT NULL,
  `OrderRulesID` int NOT NULL,
  PRIMARY KEY (`ID`)
) ENGINE=InnoDB DEFAULT CHARSET=latin1;

/*Data for the table `joinitemtoorderrules` */

/*Table structure for table `joinmasteraccounttoitem` */

DROP TABLE IF EXISTS `joinmasteraccounttoitem`;

CREATE TABLE `joinmasteraccounttoitem` (
  `ID` int NOT NULL AUTO_INCREMENT,
  `MasterAccountID` int NOT NULL,
  `ItemID` int NOT NULL,
  PRIMARY KEY (`ID`),
  KEY `MasterAccountKey` (`MasterAccountID`),
  KEY `MasterItemKey` (`ItemID`),
  CONSTRAINT `MasterAccountKey` FOREIGN KEY (`MasterAccountID`) REFERENCES `masteraccount` (`MasterID`),
  CONSTRAINT `MasterItemKey` FOREIGN KEY (`ItemID`) REFERENCES `item` (`ItemID`)
) ENGINE=InnoDB AUTO_INCREMENT=4 DEFAULT CHARSET=latin1;

/*Data for the table `joinmasteraccounttoitem` */

/*Table structure for table `joinmasteraccounttosubaccount` */

DROP TABLE IF EXISTS `joinmasteraccounttosubaccount`;

CREATE TABLE `joinmasteraccounttosubaccount` (
  `ID` int NOT NULL AUTO_INCREMENT,
  `MasterAccountID` int NOT NULL,
  `SubAccountID` int NOT NULL,
  PRIMARY KEY (`ID`),
  KEY `MasterKey` (`MasterAccountID`),
  KEY `SubKey` (`SubAccountID`),
  CONSTRAINT `MasterKey` FOREIGN KEY (`MasterAccountID`) REFERENCES `masteraccount` (`MasterID`),
  CONSTRAINT `SubKey` FOREIGN KEY (`SubAccountID`) REFERENCES `subaccount` (`SubAccountID`)
) ENGINE=InnoDB AUTO_INCREMENT=3 DEFAULT CHARSET=latin1;

/*Data for the table `joinmasteraccounttosubaccount` */

insert  into `joinmasteraccounttosubaccount`(`ID`,`MasterAccountID`,`SubAccountID`) values 
(1,1,1),
(2,2,2);

/*Table structure for table `joinmasteraccounttosupplier` */

DROP TABLE IF EXISTS `joinmasteraccounttosupplier`;

CREATE TABLE `joinmasteraccounttosupplier` (
  `ID` int NOT NULL AUTO_INCREMENT,
  `MasterID` int NOT NULL,
  `SupplierID` int NOT NULL,
  PRIMARY KEY (`ID`),
  KEY `MasterSupplierKey` (`MasterID`),
  KEY `SupplierMasterKey` (`SupplierID`),
  CONSTRAINT `MasterSupplierKey` FOREIGN KEY (`MasterID`) REFERENCES `masteraccount` (`MasterID`),
  CONSTRAINT `SupplierMasterKey` FOREIGN KEY (`SupplierID`) REFERENCES `supplier` (`SupplierID`)
) ENGINE=InnoDB AUTO_INCREMENT=34 DEFAULT CHARSET=latin1;

/*Data for the table `joinmasteraccounttosupplier` */

insert  into `joinmasteraccounttosupplier`(`ID`,`MasterID`,`SupplierID`) values 
(1,1,1),
(24,1,3),
(27,1,2),
(30,1,4),
(31,1,6),
(32,1,5),
(33,1,7);

/*Table structure for table `joinordertoitem` */

DROP TABLE IF EXISTS `joinordertoitem`;

CREATE TABLE `joinordertoitem` (
  `ID` int NOT NULL AUTO_INCREMENT,
  `ItemID` int NOT NULL,
  `OrderID` int NOT NULL,
  `QuantityOrdered` int NOT NULL,
  `SupplierID` int NOT NULL,
  `CheckedIn` int NOT NULL DEFAULT '0',
  PRIMARY KEY (`ID`),
  KEY `Order` (`OrderID`),
  KEY `OrderItem` (`ItemID`),
  KEY `OrderSupplier` (`SupplierID`),
  CONSTRAINT `Order` FOREIGN KEY (`OrderID`) REFERENCES `orders` (`OrderID`),
  CONSTRAINT `OrderItem` FOREIGN KEY (`ItemID`) REFERENCES `item` (`ItemID`),
  CONSTRAINT `OrderSupplier` FOREIGN KEY (`SupplierID`) REFERENCES `supplier` (`SupplierID`)
) ENGINE=InnoDB AUTO_INCREMENT=4445 DEFAULT CHARSET=latin1;

/*Data for the table `joinordertoitem` */

insert  into `joinordertoitem`(`ID`,`ItemID`,`OrderID`,`QuantityOrdered`,`SupplierID`,`CheckedIn`) values 
(145,10,91,3,1,1),
(146,26,91,1,1,1),
(147,31,91,1,1,1),
(148,49,91,2,1,1),
(149,91,91,1,1,1),
(150,92,91,1,1,1),
(151,80,92,1,2,1),
(152,81,92,1,2,1),
(153,93,92,1,2,1),
(154,94,92,24,2,1),
(155,95,92,1,2,1),
(156,96,92,1,2,1),
(157,93,93,2,2,1),
(158,94,93,24,2,1),
(159,5,94,1,1,1),
(160,7,94,1,1,1),
(161,9,94,1,1,1),
(162,19,94,1,1,1),
(163,21,94,1,1,1),
(164,26,94,1,1,1),
(165,28,94,1,1,1),
(166,31,94,1,1,1),
(167,33,94,1,1,1),
(168,35,94,4,1,1),
(169,39,94,6,1,1),
(170,41,94,1,1,1),
(171,42,94,2,1,1),
(172,47,94,1,1,1),
(173,50,94,2,1,1),
(174,52,94,1,1,1),
(175,53,94,1,1,1),
(176,79,94,1,1,1),
(177,92,94,1,1,1),
(178,93,95,2,2,1),
(179,94,95,24,2,1),
(180,97,95,2,2,1),
(181,117,96,1,5,1),
(182,6,97,1,1,1),
(183,10,97,1,1,1),
(184,18,97,1,1,1),
(185,21,97,1,1,1),
(186,24,97,1,1,1),
(187,25,97,1,1,1),
(188,31,97,1,1,1),
(189,34,97,1,1,1),
(190,35,97,2,1,1),
(191,36,97,1,1,1),
(192,37,97,2,1,1),
(193,39,97,6,1,1),
(194,41,97,4,1,1),
(195,42,97,2,1,1),
(196,46,97,1,1,1),
(197,47,97,1,1,1),
(198,48,97,1,1,1),
(199,49,97,1,1,1),
(200,51,97,1,1,1),
(201,56,97,1,1,1),
(202,63,97,2,1,1),
(203,65,97,1,1,1),
(204,81,98,1,2,1),
(205,93,98,1,2,1),
(206,94,98,16,2,1),
(207,99,99,1,6,1),
(208,100,99,1,6,1),
(209,117,100,1,5,1),
(210,119,100,2,5,1),
(211,121,100,1,5,1),
(212,124,100,2,5,1),
(213,19,101,1,1,1),
(214,22,101,1,1,1),
(215,24,101,1,1,1),
(216,25,101,1,1,1),
(217,26,101,1,1,1),
(218,30,101,2,1,1),
(219,31,101,2,1,1),
(220,33,101,1,1,1),
(221,35,101,2,1,1),
(222,39,101,6,1,1),
(223,40,101,1,1,1),
(224,42,101,2,1,1),
(225,43,101,1,1,1),
(226,45,101,2,1,1),
(227,47,101,2,1,1),
(228,48,101,1,1,1),
(229,49,101,2,1,1),
(230,53,101,1,1,1),
(231,59,101,1,1,1),
(232,79,101,1,1,1),
(233,81,102,1,2,1),
(234,93,102,3,2,1),
(235,94,102,24,2,1),
(236,97,102,2,2,1),
(237,5,103,1,1,1),
(238,6,103,1,1,1),
(239,8,104,1,1,1),
(240,13,104,1,1,1),
(241,21,104,1,1,1),
(242,24,104,1,1,1),
(243,26,104,1,1,1),
(244,33,104,1,1,1),
(245,35,104,4,1,1),
(246,37,104,1,1,1),
(247,38,104,1,1,1),
(248,39,104,6,1,1),
(249,41,104,1,1,1),
(250,45,104,2,1,1),
(251,47,104,2,1,1),
(252,50,104,1,1,1),
(253,54,104,1,1,1),
(254,61,104,1,1,1),
(255,62,104,1,1,1),
(256,63,104,1,1,1),
(257,93,105,2,2,1),
(258,95,105,8,2,1),
(259,102,106,1,6,0),
(260,103,106,1,6,0),
(261,104,106,1,6,0),
(262,105,106,1,6,0),
(263,106,106,1,6,0),
(264,107,106,1,6,0),
(265,98,107,1,5,0),
(266,119,107,1,5,0),
(267,121,107,1,5,0),
(268,124,107,1,5,0),
(269,10,108,1,1,0),
(270,19,108,1,1,0),
(271,20,108,1,1,0),
(272,22,108,1,1,0),
(273,24,108,1,1,0),
(274,31,108,1,1,0),
(275,33,108,1,1,0),
(276,34,108,1,1,0),
(277,37,108,1,1,0),
(278,38,108,1,1,0),
(279,39,108,1,1,0),
(280,40,108,1,1,0),
(281,41,108,2,1,0),
(282,42,108,2,1,0),
(283,44,108,6,1,0),
(284,47,108,2,1,0),
(285,48,108,1,1,0),
(286,49,108,1,1,0),
(287,52,108,1,1,0),
(288,57,108,1,1,0),
(289,58,108,1,1,0),
(290,59,108,1,1,0),
(291,62,108,1,1,0),
(292,63,108,2,1,0),
(293,71,108,1,1,0),
(294,81,109,1,2,0),
(295,93,109,2,2,0),
(296,94,109,17,2,0),
(297,95,109,8,2,0),
(298,96,109,1,2,0),
(299,97,109,1,2,0),
(300,93,110,2,2,0),
(301,94,110,16,2,0),
(302,6,111,1,1,0),
(303,7,111,1,1,0),
(304,18,111,1,1,0),
(305,21,111,1,1,0),
(306,25,111,1,1,0),
(307,26,111,1,1,0),
(308,35,111,2,1,0),
(309,36,111,1,1,0),
(310,38,111,1,1,0),
(311,39,111,6,1,0),
(312,41,111,4,1,0),
(313,42,111,1,1,0),
(314,45,111,2,1,0),
(315,47,111,2,1,0),
(316,48,111,1,1,0),
(317,49,111,2,1,0),
(318,51,111,1,1,0),
(319,65,111,1,1,0),
(320,81,112,1,2,0),
(321,8,113,1,1,0),
(322,33,113,1,1,0),
(323,35,113,4,1,0),
(324,39,113,6,1,0),
(325,41,113,3,1,0),
(326,50,113,2,1,0),
(327,70,113,1,1,0),
(328,72,113,1,1,0),
(329,80,114,1,2,0),
(330,93,114,4,2,0),
(331,94,114,16,2,0),
(332,95,114,4,2,0),
(333,97,114,2,2,0),
(334,8,115,1,1,0),
(335,12,115,1,1,0),
(336,19,115,1,1,0),
(337,26,115,1,1,0),
(338,28,115,1,1,0),
(339,30,115,2,1,0),
(340,31,115,1,1,0),
(341,41,115,3,1,0),
(342,42,115,2,1,0),
(343,43,115,1,1,0),
(344,47,115,2,1,0),
(345,53,115,1,1,0),
(346,60,115,1,1,0),
(347,63,115,1,1,0),
(348,79,115,1,1,0),
(349,91,115,1,1,0),
(350,81,116,1,2,0),
(351,93,116,2,2,0),
(352,94,116,16,2,0),
(353,97,116,1,2,0),
(354,101,117,1,6,0),
(355,103,117,1,6,0),
(356,104,117,1,6,0),
(357,106,117,1,6,0),
(358,107,117,1,6,0),
(359,119,118,1,5,0),
(360,120,118,1,5,0),
(361,10,119,1,1,0),
(362,13,119,1,1,0),
(363,15,119,1,1,0),
(364,18,119,1,1,0),
(365,21,119,1,1,0),
(366,22,119,1,1,0),
(367,23,119,1,1,0),
(368,35,119,4,1,0),
(369,36,119,1,1,0),
(370,39,119,6,1,0),
(371,41,119,2,1,0),
(372,42,119,2,1,0),
(373,44,119,6,1,0),
(374,46,119,1,1,0),
(375,47,119,1,1,0),
(376,48,119,1,1,0),
(377,49,119,1,1,0),
(378,50,119,1,1,0),
(379,55,119,1,1,0),
(380,56,119,1,1,0),
(381,62,119,1,1,0),
(382,83,119,1,1,0),
(383,84,119,1,1,0),
(384,93,120,3,2,0),
(385,94,120,16,2,0),
(386,96,120,1,2,0),
(387,97,120,1,2,0),
(388,33,121,2,1,0),
(389,39,121,6,1,0),
(390,40,121,1,1,0),
(391,41,121,1,1,0),
(392,45,121,2,1,0),
(393,47,121,2,1,0),
(394,49,121,1,1,0),
(395,50,121,2,1,0),
(396,63,121,1,1,0),
(397,79,121,1,1,0),
(398,82,121,1,1,0),
(399,81,122,1,2,0),
(400,93,122,3,2,0),
(401,94,122,16,2,0),
(402,97,122,2,2,0),
(403,8,123,1,1,0),
(404,9,123,1,1,0),
(405,17,123,1,1,0),
(406,19,123,1,1,0),
(407,20,123,1,1,0),
(408,21,123,1,1,0),
(409,24,123,1,1,0),
(410,25,123,1,1,0),
(411,26,123,1,1,0),
(412,30,123,1,1,0),
(413,31,123,1,1,0),
(414,34,123,1,1,0),
(415,35,123,2,1,0),
(416,41,123,3,1,0),
(417,42,123,2,1,0),
(418,43,123,1,1,0),
(419,47,123,2,1,0),
(420,48,123,1,1,0),
(421,53,123,1,1,0),
(422,59,123,1,1,0),
(423,63,123,2,1,0),
(424,65,123,1,1,0),
(425,75,123,1,1,0),
(426,21,124,1,1,0),
(427,24,124,1,1,0),
(428,41,124,3,1,0),
(429,42,124,1,1,0),
(430,44,124,6,1,0),
(431,48,124,1,1,0),
(432,49,124,1,1,0),
(433,58,124,1,1,0),
(434,59,124,1,1,0),
(435,72,124,1,1,0),
(436,81,125,1,2,0),
(437,93,125,2,2,0),
(438,94,125,16,2,0),
(439,96,125,1,2,0),
(440,97,125,1,2,0),
(441,93,126,3,2,0),
(442,94,126,16,2,0),
(443,7,127,1,1,0),
(444,18,127,1,1,0),
(445,22,127,1,1,0),
(446,33,127,1,1,0),
(447,35,127,4,1,0),
(448,38,127,1,1,0),
(449,39,127,6,1,0),
(450,41,127,2,1,0),
(451,42,127,1,1,0),
(452,44,127,1,1,0),
(453,45,127,2,1,0),
(454,47,127,2,1,0),
(455,49,127,1,1,0),
(456,50,127,1,1,0),
(457,51,127,1,1,0),
(458,53,127,1,1,0),
(459,79,127,1,1,0),
(460,81,128,1,2,0),
(461,93,128,4,2,0),
(462,94,128,16,2,0),
(463,97,128,2,2,0),
(464,5,129,1,1,1),
(465,5,129,1,1,1),
(466,8,129,1,1,1),
(467,8,129,1,1,1),
(468,13,129,1,1,1),
(469,13,129,1,1,1),
(470,15,129,1,1,1),
(471,15,129,1,1,1),
(472,16,129,1,1,1),
(473,16,129,1,1,1),
(474,19,129,1,1,1),
(475,19,129,1,1,1),
(476,21,129,1,1,1),
(477,21,129,1,1,1),
(478,25,129,1,1,1),
(479,25,129,1,1,1),
(480,26,129,1,1,1),
(481,26,129,1,1,1),
(482,31,129,1,1,1),
(483,31,129,1,1,1),
(484,33,129,1,1,1),
(485,33,129,1,1,1),
(486,34,129,1,1,1),
(487,34,129,1,1,1),
(488,35,129,4,1,1),
(489,35,129,4,1,1),
(490,36,129,1,1,1),
(491,36,129,1,1,1),
(492,37,129,2,1,1),
(493,37,129,2,1,1),
(494,39,129,6,1,1),
(495,39,129,6,1,1),
(496,41,129,3,1,1),
(497,41,129,3,1,1),
(498,42,129,2,1,1),
(499,42,129,2,1,1),
(500,46,129,1,1,1),
(501,46,129,1,1,1),
(502,47,129,2,1,1),
(503,47,129,2,1,1),
(504,48,129,1,1,1),
(505,48,129,1,1,1),
(506,49,129,1,1,1),
(507,49,129,1,1,1),
(508,62,129,1,1,1),
(509,62,129,1,1,1),
(510,63,129,2,1,1),
(511,63,129,2,1,1),
(512,73,129,1,1,1),
(513,73,129,1,1,1),
(514,80,130,1,2,0),
(515,80,130,1,2,0),
(516,81,130,1,2,0),
(517,81,130,1,2,0),
(518,93,130,3,2,0),
(519,93,130,3,2,0),
(520,94,130,16,2,0),
(521,94,130,16,2,0),
(522,99,131,1,6,0),
(523,100,131,1,6,0),
(524,104,131,1,6,0),
(525,106,131,1,6,0),
(526,98,132,1,5,0),
(527,118,132,1,5,0),
(528,119,132,1,5,0),
(529,121,132,1,5,0),
(530,123,132,1,5,0),
(531,124,132,1,5,0),
(532,18,133,1,1,0),
(533,21,133,1,1,0),
(534,22,133,1,1,0),
(535,24,133,1,1,0),
(536,31,133,2,1,0),
(537,35,133,2,1,0),
(538,37,133,2,1,0),
(539,38,133,1,1,0),
(540,39,133,6,1,0),
(541,40,133,1,1,0),
(542,42,133,1,1,0),
(543,45,133,2,1,0),
(544,47,133,2,1,0),
(545,48,133,1,1,0),
(546,49,133,1,1,0),
(547,50,133,1,1,0),
(548,65,133,1,1,0),
(549,79,133,1,1,0),
(550,81,134,3,2,0),
(551,93,134,3,2,0),
(552,94,134,16,2,0),
(553,96,134,1,2,0),
(554,8,135,1,1,0),
(555,9,135,1,1,0),
(556,19,135,1,1,0),
(557,26,135,1,1,0),
(558,28,135,1,1,0),
(559,30,135,2,1,0),
(560,33,135,1,1,0),
(561,39,135,6,1,0),
(562,41,135,3,1,0),
(563,44,135,6,1,0),
(564,45,135,2,1,0),
(565,47,135,1,1,0),
(566,49,135,1,1,0),
(567,82,135,1,1,0),
(568,85,135,1,1,0),
(569,88,135,1,1,0),
(570,91,135,1,1,0),
(571,92,135,1,1,0),
(572,28,136,1,1,0),
(573,93,137,4,2,0),
(574,94,137,16,2,0),
(575,97,137,1,2,0),
(576,18,139,1,1,0),
(578,19,139,1,1,0),
(580,21,139,1,1,0),
(582,22,139,1,1,0),
(584,24,139,1,1,0),
(585,30,139,1,1,0),
(587,31,139,1,1,0),
(588,33,139,1,1,0),
(590,35,139,2,1,0),
(591,36,139,1,1,0),
(593,38,139,1,1,0),
(595,39,139,6,1,0),
(596,41,139,4,1,0),
(597,42,139,2,1,0),
(599,44,139,6,1,0),
(601,47,139,2,1,0),
(603,48,139,1,1,0),
(605,49,139,1,1,0),
(606,53,139,1,1,0),
(609,56,139,1,1,0),
(610,62,139,2,1,0),
(612,63,139,2,1,0),
(614,67,139,1,1,0),
(615,71,139,1,1,0),
(616,79,139,1,1,0),
(617,80,140,1,2,0),
(618,93,140,2,2,0),
(619,94,140,16,2,0),
(620,95,140,4,2,0),
(634,99,142,2,6,0),
(635,100,142,1,6,0),
(636,103,142,1,6,0),
(637,5,143,1,1,0),
(638,8,143,1,1,0),
(639,13,143,1,1,0),
(640,19,143,1,1,0),
(641,20,143,1,1,0),
(642,21,143,1,1,0),
(643,23,143,1,1,0),
(644,25,143,1,1,0),
(645,34,143,1,1,0),
(646,35,143,4,1,0),
(647,36,143,1,1,0),
(648,38,143,1,1,0),
(649,39,143,9,1,0),
(650,40,143,1,1,0),
(651,41,143,3,1,0),
(652,42,143,2,1,0),
(653,43,143,1,1,0),
(654,44,143,10,1,0),
(655,45,143,2,1,0),
(656,47,143,2,1,0),
(657,48,143,2,1,0),
(658,49,143,2,1,0),
(659,50,143,2,1,0),
(660,51,143,1,1,0),
(661,57,143,1,1,0),
(662,63,143,1,1,0),
(663,82,143,1,1,0),
(664,80,144,1,2,0),
(665,81,144,1,2,0),
(666,93,144,3,2,0),
(667,94,144,24,2,0),
(668,95,144,6,2,0),
(669,97,144,2,2,0),
(670,10,145,1,1,0),
(671,12,146,1,1,0),
(672,14,146,1,1,0),
(673,18,146,1,1,0),
(674,21,146,1,1,0),
(675,22,146,1,1,0),
(676,24,146,1,1,0),
(677,26,146,1,1,0),
(678,30,146,3,1,0),
(679,33,146,1,1,0),
(680,34,146,1,1,0),
(681,35,146,4,1,0),
(682,37,146,1,1,0),
(683,39,146,3,1,0),
(684,41,146,4,1,0),
(685,42,146,2,1,0),
(686,49,146,1,1,0),
(687,59,146,1,1,0),
(688,61,146,1,1,0),
(689,63,146,1,1,0),
(690,65,146,1,1,0),
(691,85,146,1,1,0),
(692,86,146,1,1,0),
(693,93,147,4,2,0),
(694,94,147,16,2,0),
(695,95,147,8,2,0),
(696,97,147,1,2,0),
(697,99,148,1,6,0),
(698,104,148,1,6,0),
(699,106,148,1,6,0),
(700,93,149,2,2,0),
(701,94,149,16,2,0),
(702,97,149,1,2,0),
(703,7,150,1,1,0),
(704,8,150,1,1,0),
(705,9,150,1,1,0),
(706,19,150,1,1,0),
(707,26,150,1,1,0),
(708,31,150,1,1,0),
(709,33,150,1,1,0),
(710,35,150,4,1,0),
(711,40,150,1,1,0),
(712,41,150,4,1,0),
(713,42,150,1,1,0),
(714,44,150,6,1,0),
(715,45,150,2,1,0),
(716,46,150,1,1,0),
(717,47,150,2,1,0),
(718,50,150,1,1,0),
(719,53,150,1,1,0),
(720,72,150,1,1,0),
(721,73,150,1,1,0),
(722,80,151,2,2,0),
(723,81,151,2,2,0),
(724,93,151,2,2,0),
(725,94,151,16,2,0),
(726,96,151,1,2,0),
(727,9,152,1,1,0),
(728,18,152,1,1,0),
(729,21,152,1,1,0),
(730,35,152,4,1,0),
(731,42,152,1,1,0),
(732,49,152,1,1,0),
(733,93,153,6,2,0),
(734,94,153,24,2,0),
(735,97,153,2,2,0),
(736,98,154,1,5,0),
(737,118,154,1,5,0),
(738,119,154,1,5,0),
(739,120,154,1,5,0),
(740,121,154,1,5,0),
(741,123,154,1,5,0),
(742,124,154,1,5,0),
(743,19,155,1,1,0),
(744,21,155,1,1,0),
(745,25,155,1,1,0),
(746,28,155,1,1,0),
(747,31,155,1,1,0),
(748,34,155,1,1,0),
(749,35,155,4,1,0),
(750,38,155,1,1,0),
(751,39,155,6,1,0),
(752,41,155,2,1,0),
(753,44,155,6,1,0),
(754,47,155,2,1,0),
(755,49,155,1,1,0),
(756,59,155,1,1,0),
(757,74,155,1,1,0),
(758,81,156,1,2,0),
(759,93,157,2,2,0),
(760,94,157,16,2,0),
(761,96,157,1,2,0),
(762,6,158,1,1,0),
(763,8,158,1,1,0),
(764,13,158,1,1,0),
(765,35,158,2,1,0),
(766,42,158,2,1,0),
(767,43,158,1,1,0),
(768,44,158,6,1,0),
(769,45,158,2,1,0),
(770,47,158,2,1,0),
(771,48,158,1,1,0),
(772,50,158,1,1,0),
(773,51,158,1,1,0),
(774,53,158,1,1,0),
(775,79,158,1,1,0),
(776,15,159,1,1,0),
(777,18,159,1,1,0),
(778,19,159,1,1,0),
(779,21,159,1,1,0),
(780,26,159,1,1,0),
(781,31,159,1,1,0),
(782,33,159,1,1,0),
(783,41,159,3,1,0),
(784,42,159,1,1,0),
(785,47,159,2,1,0),
(786,49,159,1,1,0),
(787,59,159,1,1,0),
(788,63,159,2,1,0),
(789,65,159,1,1,0),
(790,82,159,1,1,0),
(791,93,160,6,2,0),
(792,94,160,16,2,0),
(793,97,160,2,2,0),
(794,22,161,1,1,0),
(795,24,161,1,1,0),
(796,25,161,1,1,0),
(797,34,161,1,1,0),
(798,37,161,3,1,0),
(799,39,161,6,1,0),
(800,41,161,2,1,0),
(801,45,161,2,1,0),
(802,47,161,2,1,0),
(803,55,161,1,1,0),
(804,56,161,1,1,0),
(805,57,161,1,1,0),
(806,63,161,1,1,0),
(807,68,161,1,1,0),
(808,71,161,1,1,0),
(809,81,162,1,2,0),
(810,93,162,1,2,0),
(811,94,162,8,2,0),
(812,96,162,1,2,0),
(813,8,163,1,1,0),
(814,10,163,1,1,0),
(815,20,163,1,1,0),
(816,21,163,1,1,0),
(817,24,163,1,1,0),
(818,41,163,2,1,0),
(819,49,163,1,1,0),
(820,64,163,1,1,0),
(821,75,163,1,1,0),
(822,83,163,1,1,0),
(823,84,163,1,1,0),
(824,18,164,1,1,0),
(825,33,164,1,1,0),
(826,35,164,4,1,0),
(827,36,164,1,1,0),
(828,37,164,2,1,0),
(829,38,164,1,1,0),
(830,39,164,6,1,0),
(831,40,164,1,1,0),
(832,41,164,1,1,0),
(833,42,164,1,1,0),
(834,44,164,6,1,0),
(835,46,164,1,1,0),
(836,47,164,2,1,0),
(837,48,164,1,1,0),
(838,50,164,1,1,0),
(839,61,164,1,1,0),
(840,80,165,1,2,0),
(841,93,165,2,2,0),
(842,94,165,16,2,0),
(843,5,166,1,1,0),
(844,19,166,1,1,0),
(845,21,166,1,1,0),
(846,22,166,1,1,0),
(847,23,166,1,1,0),
(848,30,166,3,1,0),
(849,31,166,1,1,0),
(850,47,166,1,1,0),
(851,49,166,1,1,0),
(852,50,166,1,1,0),
(853,59,166,1,1,0),
(854,62,166,1,1,0),
(855,81,167,1,2,0),
(856,93,167,1,2,0),
(857,94,167,8,2,0),
(858,96,167,1,2,0),
(859,97,167,2,2,0),
(860,99,168,1,6,0),
(861,100,168,1,6,0),
(862,103,168,1,6,0),
(863,104,168,1,6,0),
(864,106,168,1,6,0),
(865,107,168,1,6,0),
(866,7,169,1,1,0),
(867,9,169,1,1,0),
(868,12,169,1,1,0),
(869,16,169,1,1,0),
(870,21,169,1,1,0),
(871,22,169,1,1,0),
(872,33,169,1,1,0),
(873,34,169,1,1,0),
(874,35,169,4,1,0),
(875,38,169,1,1,0),
(876,39,169,6,1,0),
(877,41,169,5,1,0),
(878,42,169,1,1,0),
(879,44,169,6,1,0),
(880,47,169,3,1,0),
(881,52,169,1,1,0),
(882,70,169,1,1,0),
(883,93,170,3,2,0),
(884,94,170,16,2,0),
(885,97,170,1,2,0),
(886,7,171,1,1,0),
(887,8,171,1,1,0),
(888,18,171,1,1,0),
(889,26,171,1,1,0),
(890,35,171,4,1,0),
(891,40,171,1,1,0),
(892,42,171,2,1,0),
(893,44,171,20,1,0),
(894,45,171,2,1,0),
(895,47,171,2,1,0),
(896,49,171,1,1,0),
(897,53,171,1,1,0),
(898,59,171,1,1,0),
(899,63,171,1,1,0),
(900,65,171,1,1,0),
(901,72,171,1,1,0),
(902,73,171,1,1,0),
(903,75,171,1,1,0),
(904,79,171,1,1,0),
(905,84,171,1,1,0),
(906,91,171,1,1,0),
(907,92,171,1,1,0),
(908,80,172,1,2,0),
(909,81,172,1,2,0),
(910,93,172,2,2,0),
(911,94,172,16,2,0),
(912,96,172,1,2,0),
(913,7,173,1,1,0),
(914,8,173,1,1,0),
(915,17,173,1,1,0),
(916,18,173,1,1,0),
(917,21,173,1,1,0),
(918,24,173,1,1,0),
(919,25,173,1,1,0),
(920,26,173,1,1,0),
(921,31,173,1,1,0),
(922,33,173,1,1,0),
(923,35,173,4,1,0),
(924,39,173,3,1,0),
(925,41,173,2,1,0),
(926,42,173,2,1,0),
(927,43,173,1,1,0),
(928,44,173,6,1,0),
(929,45,173,2,1,0),
(930,47,173,2,1,0),
(931,49,173,1,1,0),
(932,53,173,1,1,0),
(933,63,173,1,1,0),
(934,72,173,1,1,0),
(935,79,173,1,1,0),
(936,81,174,1,2,0),
(937,93,174,3,2,0),
(938,94,174,16,2,0),
(939,95,174,4,2,0),
(940,96,174,1,2,0),
(941,97,174,1,2,0),
(942,10,175,1,1,0),
(943,19,175,1,1,0),
(944,28,175,1,1,0),
(945,34,175,1,1,0),
(946,38,175,1,1,0),
(947,39,175,6,1,0),
(948,41,175,3,1,0),
(949,42,175,2,1,0),
(950,44,175,6,1,0),
(951,45,175,2,1,0),
(952,47,175,2,1,0),
(953,48,175,1,1,0),
(954,49,175,1,1,0),
(955,51,175,1,1,0),
(956,65,175,1,1,0),
(957,73,175,1,1,0),
(958,82,175,1,1,0),
(959,80,176,1,2,0),
(960,94,176,8,2,0),
(961,97,176,1,2,0),
(962,7,177,99,1,0),
(963,91,177,99,1,0),
(964,92,177,99,1,0),
(965,7,178,99,1,0),
(966,91,178,99,1,0),
(967,92,178,99,1,0),
(968,9,179,1,1,0),
(969,21,179,1,1,0),
(970,22,179,1,1,0),
(971,31,179,1,1,0),
(972,33,179,1,1,0),
(973,35,179,4,1,0),
(974,39,179,6,1,0),
(975,41,179,2,1,0),
(976,42,179,1,1,0),
(977,49,179,1,1,0),
(978,51,179,1,1,0),
(979,52,179,1,1,0),
(980,60,179,1,1,0),
(981,63,179,1,1,0),
(982,65,179,1,1,0),
(983,73,179,1,1,0),
(984,5,180,1,1,0),
(985,8,180,1,1,0),
(986,23,180,1,1,0),
(987,24,180,1,1,0),
(988,27,180,1,1,0),
(989,30,180,3,1,0),
(990,31,180,2,1,0),
(991,36,180,1,1,0),
(992,37,180,2,1,0),
(993,39,180,6,1,0),
(994,41,180,2,1,0),
(995,46,180,1,1,0),
(996,47,180,1,1,0),
(997,48,180,1,1,0),
(998,53,180,1,1,0),
(999,54,180,1,1,0),
(1000,62,180,1,1,0),
(1001,63,180,1,1,0),
(1002,74,180,1,1,0),
(1003,79,180,1,1,0),
(1004,80,181,1,2,0),
(1005,81,181,1,2,0),
(1006,93,181,3,2,0),
(1007,94,181,16,2,0),
(1008,96,181,1,2,0),
(1009,97,181,1,2,0),
(1010,104,182,1,6,0),
(1011,105,182,1,6,0),
(1012,106,182,1,6,0),
(1013,8,183,1,1,0),
(1014,10,183,1,1,0),
(1015,13,183,1,1,0),
(1016,15,183,1,1,0),
(1017,30,183,3,1,0),
(1018,31,183,1,1,0),
(1019,39,183,6,1,0),
(1020,40,183,1,1,0),
(1021,41,183,2,1,0),
(1022,46,183,1,1,0),
(1023,47,183,1,1,0),
(1024,48,183,1,1,0),
(1025,51,183,1,1,0),
(1026,52,183,1,1,0),
(1027,53,183,1,1,0),
(1028,57,183,1,1,0),
(1029,62,183,1,1,0),
(1030,79,183,1,1,0),
(1031,18,184,1,1,1),
(1032,19,184,1,1,1),
(1033,21,184,1,1,1),
(1034,23,184,1,1,1),
(1035,25,184,1,1,1),
(1036,26,184,1,1,1),
(1037,36,184,1,1,1),
(1038,37,184,3,1,1),
(1039,41,184,2,1,1),
(1040,42,184,1,1,1),
(1041,43,184,1,1,1),
(1042,49,184,1,1,1),
(1043,54,184,1,1,1),
(1044,58,184,1,1,1),
(1045,63,184,2,1,1),
(1046,67,184,1,1,1),
(1047,74,184,1,1,1),
(1048,83,184,1,1,1),
(1049,88,184,1,1,1),
(1050,81,185,1,2,0),
(1051,93,185,3,2,0),
(1052,94,185,16,2,0),
(1053,97,185,1,2,0),
(1054,5,186,1,1,0),
(1055,7,186,1,1,0),
(1056,8,186,1,1,0),
(1057,21,186,1,1,0),
(1058,22,186,1,1,0),
(1059,33,186,1,1,0),
(1060,34,186,1,1,0),
(1061,35,186,2,1,0),
(1062,37,186,1,1,0),
(1063,39,186,6,1,0),
(1064,42,186,2,1,0),
(1065,47,186,2,1,0),
(1066,48,186,1,1,0),
(1067,49,186,1,1,0),
(1068,52,186,1,1,0),
(1069,63,186,1,1,0),
(1070,80,187,1,2,0),
(1071,81,187,1,2,0),
(1072,93,187,3,2,0),
(1073,94,187,16,2,0),
(1074,96,187,1,2,0),
(1075,98,188,1,5,0),
(1076,117,188,1,5,0),
(1077,118,188,1,5,0),
(1078,119,188,1,5,0),
(1079,120,188,1,5,0),
(1080,121,188,1,5,0),
(1081,122,188,1,5,0),
(1082,123,188,1,5,0),
(1083,124,188,1,5,0),
(1084,21,189,1,1,0),
(1085,24,189,1,1,0),
(1086,33,189,1,1,0),
(1087,34,189,1,1,0),
(1088,35,189,4,1,0),
(1089,38,189,1,1,0),
(1090,39,189,7,1,0),
(1091,41,189,4,1,0),
(1092,42,189,2,1,0),
(1093,47,189,2,1,0),
(1094,50,189,1,1,0),
(1095,51,189,1,1,0),
(1096,53,189,1,1,0),
(1097,55,189,1,1,0),
(1098,56,189,1,1,0),
(1099,59,189,1,1,0),
(1100,79,189,1,1,0),
(1101,81,190,1,2,0),
(1102,93,190,3,2,0),
(1103,94,190,16,2,0),
(1104,97,190,2,2,0),
(1105,5,191,1,1,0),
(1106,10,191,1,1,0),
(1107,12,191,1,1,0),
(1108,18,191,1,1,0),
(1109,19,191,1,1,0),
(1110,20,191,1,1,0),
(1111,24,191,1,1,0),
(1112,25,191,1,1,0),
(1113,26,191,1,1,0),
(1114,30,191,3,1,0),
(1115,31,191,1,1,0),
(1116,35,191,4,1,0),
(1117,40,191,1,1,0),
(1118,41,191,4,1,0),
(1119,42,191,1,1,0),
(1120,48,191,1,1,0),
(1121,49,191,1,1,0),
(1122,59,191,1,1,0),
(1123,63,191,2,1,0),
(1124,72,191,1,1,0),
(1125,80,192,1,2,0),
(1126,81,192,1,2,0),
(1127,93,192,4,2,0),
(1128,94,192,16,2,0),
(1129,97,192,1,2,0),
(1130,99,193,1,6,0),
(1131,8,194,1,1,0),
(1132,19,194,1,1,0),
(1133,21,194,1,1,0),
(1134,22,194,1,1,0),
(1135,31,194,2,1,0),
(1136,33,194,1,1,0),
(1137,37,194,2,1,0),
(1138,39,194,6,1,0),
(1139,41,194,4,1,0),
(1140,42,194,1,1,0),
(1141,47,194,2,1,0),
(1142,49,194,1,1,0),
(1143,53,194,1,1,0),
(1144,58,194,1,1,0),
(1145,62,194,1,1,0),
(1146,63,194,1,1,0),
(1147,65,194,1,1,0),
(1148,71,194,1,1,0),
(1149,81,195,1,2,0),
(1150,93,195,4,2,0),
(1151,94,195,16,2,0),
(1152,96,195,1,2,0),
(1153,97,195,2,2,0),
(1154,28,196,1,1,0),
(1155,34,196,1,1,0),
(1156,35,196,4,1,0),
(1157,41,196,1,1,0),
(1158,48,196,1,1,0),
(1159,8,197,1,1,0),
(1160,21,197,1,1,0),
(1161,24,197,1,1,0),
(1162,33,197,1,1,0),
(1163,35,197,2,1,0),
(1164,36,197,1,1,0),
(1165,38,197,1,1,0),
(1166,39,197,6,1,0),
(1167,41,197,2,1,0),
(1168,42,197,2,1,0),
(1169,43,197,1,1,0),
(1170,45,197,2,1,0),
(1171,46,197,1,1,0),
(1172,47,197,2,1,0),
(1173,49,197,1,1,0),
(1174,59,197,1,1,0),
(1175,75,197,1,1,0),
(1176,82,197,1,1,0),
(1177,81,198,1,2,0),
(1178,93,198,2,2,0),
(1179,94,198,16,2,0),
(1180,99,199,1,6,0),
(1181,100,199,1,6,0),
(1182,106,199,1,6,0),
(1183,107,199,1,6,0),
(1184,10,200,1,1,0),
(1185,13,200,1,1,0),
(1186,18,200,1,1,0),
(1187,19,200,1,1,0),
(1188,21,200,1,1,0),
(1189,22,200,1,1,0),
(1190,25,200,1,1,0),
(1191,26,200,1,1,0),
(1192,30,200,1,1,0),
(1193,33,200,1,1,0),
(1194,35,200,4,1,0),
(1195,38,200,1,1,0),
(1196,39,200,6,1,0),
(1197,40,200,1,1,0),
(1198,41,200,3,1,0),
(1199,42,200,2,1,0),
(1200,44,200,10,1,0),
(1201,47,200,2,1,0),
(1202,49,200,1,1,0),
(1203,50,200,1,1,0),
(1204,63,200,2,1,0),
(1205,79,200,1,1,0),
(1206,81,201,1,2,0),
(1207,93,201,2,2,0),
(1208,94,201,24,2,0),
(1209,97,201,2,2,0),
(1210,7,202,1,1,0),
(1211,8,202,1,1,0),
(1212,9,202,1,1,0),
(1213,18,202,1,1,0),
(1214,20,202,1,1,0),
(1215,21,202,1,1,0),
(1216,22,202,1,1,0),
(1217,23,202,1,1,0),
(1218,30,202,3,1,0),
(1219,31,202,2,1,0),
(1220,33,202,1,1,0),
(1221,41,202,4,1,0),
(1222,42,202,2,1,0),
(1223,45,202,2,1,0),
(1224,47,202,2,1,0),
(1225,48,202,1,1,0),
(1226,49,202,1,1,0),
(1227,53,202,1,1,0),
(1228,56,202,1,1,0),
(1229,59,202,1,1,0),
(1230,62,202,1,1,0),
(1231,63,202,1,1,0),
(1232,73,202,1,1,0),
(1233,91,202,1,1,0),
(1234,80,203,1,2,0),
(1235,94,203,16,2,0),
(1236,97,203,2,2,0),
(1237,10,204,1,1,0),
(1238,33,204,1,1,0),
(1239,34,204,1,1,0),
(1240,39,204,6,1,0),
(1241,41,204,2,1,0),
(1242,42,204,1,1,0),
(1243,45,204,2,1,0),
(1244,47,204,1,1,0),
(1245,50,204,1,1,0),
(1246,63,204,2,1,0),
(1247,72,204,1,1,0),
(1248,82,204,1,1,0),
(1249,92,204,1,1,0),
(1250,93,205,1,2,0),
(1251,94,205,16,2,0),
(1252,18,206,1,1,0),
(1253,19,206,1,1,0),
(1254,21,206,1,1,0),
(1255,24,206,1,1,0),
(1256,27,206,1,1,0),
(1257,37,206,3,1,0),
(1258,38,206,1,1,0),
(1259,41,206,3,1,0),
(1260,42,206,1,1,0),
(1261,44,206,10,1,0),
(1262,47,206,2,1,0),
(1263,48,206,1,1,0),
(1264,49,206,1,1,0),
(1265,62,206,1,1,0),
(1266,68,206,1,1,0),
(1267,74,206,1,1,0),
(1268,79,206,1,1,0),
(1269,80,207,1,2,0),
(1270,81,207,1,2,0),
(1271,96,207,1,2,0),
(1272,97,207,1,2,0),
(1273,8,208,1,1,0),
(1274,10,208,1,1,0),
(1275,21,208,1,1,0),
(1276,22,208,1,1,0),
(1277,25,208,1,1,0),
(1278,28,208,1,1,0),
(1279,33,208,1,1,0),
(1280,35,208,4,1,0),
(1281,39,208,6,1,0),
(1282,41,208,1,1,0),
(1283,42,208,2,1,0),
(1284,43,208,1,1,0),
(1285,49,208,1,1,0),
(1286,50,208,1,1,0),
(1287,51,208,1,1,0),
(1288,57,208,1,1,0),
(1289,65,208,1,1,0),
(1290,79,208,1,1,0),
(1291,93,209,2,2,0),
(1292,94,209,18,2,0),
(1293,12,210,1,1,0),
(1294,26,210,1,1,0),
(1295,30,210,1,1,0),
(1296,31,210,2,1,0),
(1297,34,210,1,1,0),
(1298,39,210,6,1,0),
(1299,40,210,1,1,0),
(1300,41,210,4,1,0),
(1301,42,210,1,1,0),
(1302,47,210,2,1,0),
(1303,59,210,2,1,0),
(1304,63,210,2,1,0),
(1305,64,210,1,1,0),
(1306,73,210,1,1,0),
(1307,101,211,1,6,0),
(1308,103,211,1,6,0),
(1309,8,212,1,1,0),
(1310,15,212,1,1,0),
(1311,18,212,1,1,0),
(1312,19,212,1,1,0),
(1313,21,212,1,1,0),
(1314,22,212,1,1,0),
(1315,24,212,1,1,0),
(1316,25,212,1,1,0),
(1317,33,212,1,1,0),
(1318,35,212,4,1,0),
(1319,36,212,1,1,0),
(1320,39,212,6,1,0),
(1321,44,212,6,1,0),
(1322,49,212,1,1,0),
(1323,50,212,1,1,0),
(1324,53,212,1,1,0),
(1325,61,212,1,1,0),
(1326,93,213,2,2,0),
(1327,94,213,32,2,0),
(1328,97,213,2,2,0),
(1329,81,214,1,2,0),
(1330,9,215,1,1,0),
(1331,21,215,1,1,0),
(1332,26,215,1,1,0),
(1333,33,215,1,1,0),
(1334,35,215,2,1,0),
(1335,41,215,2,1,0),
(1336,47,215,2,1,0),
(1337,48,215,1,1,0),
(1338,49,215,1,1,0),
(1339,56,215,1,1,0),
(1340,70,215,1,1,0),
(1341,82,215,1,1,0),
(1342,5,216,1,1,0),
(1343,13,216,1,1,0),
(1344,21,216,1,1,0),
(1345,24,216,1,1,0),
(1346,38,216,1,1,0),
(1347,41,216,3,1,0),
(1348,42,216,2,1,0),
(1349,45,216,2,1,0),
(1350,46,216,1,1,0),
(1351,47,216,2,1,0),
(1352,48,216,1,1,0),
(1353,59,216,1,1,0),
(1354,63,216,1,1,0),
(1355,65,216,1,1,0),
(1356,81,217,1,2,0),
(1357,93,217,1,2,0),
(1358,96,217,1,2,0),
(1359,7,218,1,1,0),
(1360,8,218,1,1,0),
(1361,20,218,1,1,0),
(1362,22,218,1,1,0),
(1363,30,218,2,1,0),
(1364,33,218,1,1,0),
(1365,34,218,1,1,0),
(1366,35,218,2,1,0),
(1367,41,218,1,1,0),
(1368,42,218,2,1,0),
(1369,44,218,12,1,0),
(1370,49,218,1,1,0),
(1371,50,218,1,1,0),
(1372,52,218,10,1,0),
(1373,71,218,1,1,0),
(1374,72,218,1,1,0),
(1375,88,218,1,1,0),
(1376,94,219,16,2,0),
(1377,97,219,2,2,0),
(1378,7,220,1,1,0),
(1379,18,220,1,1,0),
(1380,21,220,1,1,0),
(1381,24,220,1,1,0),
(1382,25,220,1,1,0),
(1383,35,220,2,1,0),
(1384,37,220,1,1,0),
(1385,39,220,3,1,0),
(1386,41,220,3,1,0),
(1387,42,220,1,1,0),
(1388,43,220,1,1,0),
(1389,45,220,2,1,0),
(1390,47,220,2,1,0),
(1391,53,220,1,1,0),
(1392,63,220,2,1,0),
(1393,79,220,1,1,0),
(1394,81,221,1,2,0),
(1395,93,221,1,2,0),
(1396,96,221,1,2,0),
(1397,9,222,1,1,0),
(1398,10,222,1,1,0),
(1399,17,222,1,1,0),
(1400,19,222,1,1,0),
(1401,21,222,1,1,0),
(1402,22,222,1,1,0),
(1403,23,222,1,1,0),
(1404,35,222,2,1,0),
(1405,38,222,1,1,0),
(1406,39,222,3,1,0),
(1407,40,222,1,1,0),
(1408,49,222,1,1,0),
(1409,51,222,1,1,0),
(1410,55,222,1,1,0),
(1411,67,222,2,1,0),
(1412,93,223,1,2,0),
(1413,94,223,16,2,0),
(1414,97,223,1,2,0),
(1415,33,224,1,1,0),
(1416,41,224,4,1,0),
(1417,50,224,1,1,0),
(1418,51,224,1,1,0),
(1419,73,224,1,1,0),
(1420,98,225,1,5,0),
(1421,118,225,1,5,0),
(1422,119,225,1,5,0),
(1423,120,225,1,5,0),
(1424,121,225,1,5,0),
(1425,122,225,1,5,0),
(1426,123,225,1,5,0),
(1427,124,225,1,5,0),
(1428,80,226,1,2,0),
(1429,81,226,1,2,0),
(1430,93,226,2,2,0),
(1431,94,226,16,2,0),
(1432,97,226,1,2,0),
(1433,8,227,1,1,0),
(1434,18,227,1,1,0),
(1435,21,227,1,1,0),
(1436,24,227,1,1,0),
(1437,26,227,1,1,0),
(1438,34,227,1,1,0),
(1439,35,227,2,1,0),
(1440,39,227,3,1,0),
(1441,42,227,2,1,0),
(1442,47,227,2,1,0),
(1443,49,227,1,1,0),
(1444,53,227,1,1,0),
(1445,58,227,1,1,0),
(1446,59,227,1,1,0),
(1447,62,227,1,1,0),
(1448,79,227,1,1,0),
(1449,41,228,4,1,0),
(1450,93,229,1,2,0),
(1451,94,229,8,2,0),
(1452,12,230,1,1,0),
(1453,16,230,1,1,0),
(1454,21,230,1,1,0),
(1455,22,230,1,1,0),
(1456,24,230,1,1,0),
(1457,29,230,1,1,0),
(1458,31,230,1,1,0),
(1459,35,230,2,1,0),
(1460,37,230,1,1,0),
(1461,38,230,1,1,0),
(1462,39,230,3,1,0),
(1463,41,230,4,1,0),
(1464,45,230,2,1,0),
(1465,47,230,2,1,0),
(1466,48,230,1,1,0),
(1467,50,230,1,1,0),
(1468,52,230,1,1,0),
(1469,59,230,2,1,0),
(1470,63,230,2,1,0),
(1471,84,230,1,1,0),
(1472,5,231,1,1,0),
(1473,10,231,1,1,0),
(1474,19,231,1,1,0),
(1475,28,231,1,1,0),
(1476,31,231,1,1,0),
(1477,33,231,1,1,0),
(1478,35,231,4,1,0),
(1479,39,231,6,1,0),
(1480,42,231,2,1,0),
(1481,49,231,1,1,0),
(1482,52,231,1,1,0),
(1483,75,231,1,1,0),
(1484,77,231,1,1,0),
(1485,82,231,1,1,0),
(1486,91,231,1,1,0),
(1487,81,232,1,2,0),
(1488,93,232,2,2,0),
(1489,94,232,16,2,0),
(1490,97,232,1,2,0),
(1491,10,233,1,1,0),
(1492,13,233,1,1,0),
(1493,21,233,1,1,0),
(1494,33,233,1,1,0),
(1495,34,233,1,1,0),
(1496,35,233,2,1,0),
(1497,39,233,6,1,0),
(1498,42,233,2,1,0),
(1499,47,233,2,1,0),
(1500,52,233,1,1,0),
(1501,63,233,2,1,0),
(1502,77,233,1,1,0),
(1503,81,234,1,2,0),
(1504,93,234,1,2,0),
(1505,94,234,16,2,0),
(1506,97,234,1,2,0),
(1507,99,235,1,6,0),
(1508,100,235,1,6,0),
(1509,104,235,1,6,0),
(1510,105,235,1,6,0),
(1511,106,235,1,6,0),
(1512,107,235,1,6,0),
(1513,9,236,1,1,0),
(1514,15,236,1,1,0),
(1515,18,236,1,1,0),
(1516,20,236,1,1,0),
(1517,22,236,1,1,0),
(1518,31,236,1,1,0),
(1519,36,236,1,1,0),
(1520,40,236,1,1,0),
(1521,41,236,4,1,0),
(1522,42,236,1,1,0),
(1523,45,236,2,1,0),
(1524,47,236,2,1,0),
(1525,48,236,1,1,0),
(1526,49,236,1,1,0),
(1527,56,236,1,1,0),
(1528,57,236,1,1,0),
(1529,59,236,1,1,0),
(1530,72,236,1,1,0),
(1531,73,236,1,1,0),
(1532,10,237,1,1,0),
(1533,21,237,1,1,0),
(1534,25,237,1,1,0),
(1535,35,237,2,1,0),
(1536,42,237,1,1,0),
(1537,43,237,1,1,0),
(1538,44,237,10,1,0),
(1539,47,237,1,1,0),
(1540,50,237,1,1,0),
(1541,93,238,1,2,0),
(1542,94,238,16,2,0),
(1543,97,238,1,2,0),
(1544,7,239,1,1,0),
(1545,8,239,1,1,0),
(1546,19,239,1,1,0),
(1547,24,239,1,1,0),
(1548,26,239,1,1,0),
(1549,35,239,2,1,0),
(1550,38,239,1,1,0),
(1551,41,239,3,1,0),
(1552,42,239,1,1,0),
(1553,44,239,10,1,0),
(1554,49,239,1,1,0),
(1555,51,239,1,1,0),
(1556,60,239,1,1,0),
(1557,62,239,1,1,0),
(1558,63,239,2,1,0),
(1559,67,239,1,1,0),
(1560,80,240,1,2,0),
(1561,81,240,1,2,0),
(1562,93,240,1,2,0),
(1563,94,240,16,2,0),
(1564,81,241,1,2,0),
(1565,93,241,1,2,0),
(1566,94,241,8,2,0),
(1567,94,241,8,2,0),
(1568,97,241,2,2,0),
(1569,5,242,1,1,0),
(1570,18,242,1,1,0),
(1571,21,242,1,1,0),
(1572,22,242,1,1,0),
(1573,33,242,1,1,0),
(1574,34,242,1,1,0),
(1575,35,242,2,1,0),
(1576,39,242,6,1,0),
(1577,41,242,3,1,0),
(1578,42,242,2,1,0),
(1579,45,242,2,1,0),
(1580,46,242,1,1,0),
(1581,48,242,1,1,0),
(1582,49,242,1,1,0),
(1583,50,242,1,1,0),
(1584,60,242,1,1,0),
(1585,76,242,1,1,0),
(1586,77,242,1,1,0),
(1587,78,242,1,1,0),
(1588,87,242,1,1,0),
(1589,88,242,1,1,0),
(1590,93,243,1,2,0),
(1591,94,243,16,2,0),
(1592,96,243,1,2,0),
(1593,14,244,1,1,0),
(1594,23,244,1,1,0),
(1595,24,244,1,1,0),
(1596,25,244,1,1,0),
(1597,26,244,1,1,0),
(1598,31,244,2,1,0),
(1599,35,244,2,1,0),
(1600,41,244,3,1,0),
(1601,47,244,2,1,0),
(1602,48,244,1,1,0),
(1603,52,244,1,1,0),
(1604,59,244,1,1,0),
(1605,60,244,1,1,0),
(1606,63,244,2,1,0),
(1607,65,244,1,1,0),
(1608,77,244,1,1,0),
(1609,88,244,1,1,0),
(1610,93,245,2,2,0),
(1611,94,245,16,2,0),
(1612,125,246,1,7,0),
(1613,126,246,1,7,0),
(1614,127,246,1,7,0),
(1615,129,246,1,7,0),
(1616,130,246,1,7,0),
(1617,132,246,3,7,0),
(1618,133,246,1,7,0),
(1619,135,246,2,7,0),
(1620,138,246,1,7,0),
(1621,139,246,3,7,0),
(1622,8,247,1,1,0),
(1623,18,247,1,1,0),
(1624,19,247,1,1,0),
(1625,21,247,1,1,0),
(1626,22,247,1,1,0),
(1627,33,247,1,1,0),
(1628,34,247,1,1,0),
(1629,35,247,4,1,0),
(1630,37,247,1,1,0),
(1631,39,247,3,1,0),
(1632,42,247,2,1,0),
(1633,45,247,2,1,0),
(1634,47,247,1,1,0),
(1635,49,247,1,1,0),
(1636,49,247,1,1,0),
(1637,52,247,1,1,0),
(1638,54,247,1,1,0),
(1639,82,247,1,1,0),
(1640,80,248,1,2,0),
(1641,81,248,1,2,0),
(1642,93,248,1,2,0),
(1643,94,248,16,2,0),
(1644,96,248,1,2,0),
(1645,97,248,1,2,0),
(1646,119,249,1,5,0),
(1647,121,249,1,5,0),
(1648,123,249,1,5,0),
(1649,124,249,1,5,0),
(1650,10,250,1,1,0),
(1651,11,250,1,1,0),
(1652,12,250,1,1,0),
(1653,19,250,1,1,0),
(1654,21,250,1,1,0),
(1655,33,250,1,1,0),
(1656,34,250,1,1,0),
(1657,38,250,1,1,0),
(1658,41,250,4,1,0),
(1659,45,250,2,1,0),
(1660,47,250,2,1,0),
(1661,48,250,1,1,0),
(1662,50,250,1,1,0),
(1663,51,250,1,1,0),
(1664,53,250,1,1,0),
(1665,54,250,1,1,0),
(1666,63,250,2,1,0),
(1667,79,250,1,1,0),
(1668,92,250,1,1,0),
(1669,30,251,1,1,0),
(1670,62,251,1,1,0),
(1671,73,251,1,1,0),
(1672,75,251,1,1,0),
(1673,9,252,1,1,0),
(1674,35,252,2,1,0),
(1675,39,252,6,1,0),
(1676,41,252,4,1,0),
(1677,42,252,1,1,0),
(1678,49,252,1,1,0),
(1679,81,253,1,2,0),
(1680,93,253,2,2,0),
(1681,94,253,16,2,0),
(1682,97,253,1,2,0),
(1683,5,254,1,1,0),
(1684,13,254,1,1,0),
(1685,20,254,1,1,0),
(1686,21,254,1,1,0),
(1687,22,254,1,1,0),
(1688,25,254,1,1,0),
(1689,26,254,1,1,0),
(1690,30,254,3,1,0),
(1691,31,254,2,1,0),
(1692,35,254,2,1,0),
(1693,36,254,1,1,0),
(1694,37,254,1,1,0),
(1695,39,254,3,1,0),
(1696,42,254,2,1,0),
(1697,44,254,10,1,0),
(1698,47,254,1,1,0),
(1699,49,254,1,1,0),
(1700,51,254,1,1,0),
(1701,56,254,1,1,0),
(1702,58,254,1,1,0),
(1703,59,254,1,1,0),
(1704,67,254,1,1,0),
(1705,88,254,1,1,0),
(1706,27,255,1,1,0),
(1707,33,255,1,1,0),
(1708,35,255,2,1,0),
(1709,39,255,3,1,0),
(1710,40,255,1,1,0),
(1711,41,255,2,1,0),
(1712,50,255,1,1,0),
(1713,63,255,2,1,0),
(1714,72,255,1,1,0),
(1715,91,255,1,1,0),
(1716,93,256,1,2,0),
(1717,94,256,16,2,0),
(1718,8,257,1,1,0),
(1719,18,257,1,1,0),
(1720,21,257,1,1,0),
(1721,24,257,1,1,0),
(1722,34,257,1,1,0),
(1723,38,257,1,1,0),
(1724,39,257,3,1,0),
(1725,43,257,1,1,0),
(1726,49,257,1,1,0),
(1727,52,257,1,1,0),
(1728,68,257,1,1,0),
(1729,82,257,1,1,0),
(1730,94,258,8,2,0),
(1731,97,259,1,2,0),
(1732,99,260,1,6,0),
(1733,103,260,1,6,0),
(1734,104,260,1,6,0),
(1735,106,260,1,6,0),
(1736,107,260,1,6,0),
(1737,7,261,1,1,0),
(1738,10,261,1,1,0),
(1739,21,261,1,1,0),
(1740,22,261,1,1,0),
(1741,41,261,2,1,0),
(1742,42,261,1,1,0),
(1743,44,261,10,1,0),
(1744,45,261,2,1,0),
(1745,47,261,2,1,0),
(1746,48,261,1,1,0),
(1747,53,261,1,1,0),
(1748,55,261,1,1,0),
(1749,59,261,1,1,0),
(1750,63,261,2,1,0),
(1751,71,261,1,1,0),
(1752,79,261,1,1,0),
(1753,83,261,1,1,0),
(1754,84,261,1,1,0),
(1755,91,261,1,1,0),
(1756,41,262,4,1,0),
(1757,93,263,1,2,0),
(1758,94,263,8,2,0),
(1759,97,263,1,2,0),
(1760,25,264,1,1,0),
(1761,31,264,2,1,0),
(1762,35,264,2,1,0),
(1763,38,264,1,1,0),
(1764,41,264,3,1,0),
(1765,42,264,2,1,0),
(1766,45,264,2,1,0),
(1767,47,264,2,1,0),
(1768,57,264,1,1,0),
(1769,65,264,1,1,0),
(1770,73,264,1,1,0),
(1771,84,264,1,1,0),
(1772,80,265,1,2,0),
(1773,93,265,3,2,0),
(1774,94,265,16,2,0),
(1775,96,265,1,2,0),
(1776,97,265,1,2,0),
(1777,8,266,1,1,0),
(1778,18,266,1,1,0),
(1779,19,266,1,1,0),
(1780,21,266,1,1,0),
(1781,24,266,1,1,0),
(1782,34,266,1,1,0),
(1783,35,266,2,1,0),
(1784,37,266,1,1,0),
(1785,39,266,3,1,0),
(1786,41,266,2,1,0),
(1787,47,266,1,1,0),
(1788,48,266,1,1,0),
(1789,49,266,1,1,0),
(1790,50,266,1,1,0),
(1791,52,266,1,1,0),
(1792,59,266,1,1,0),
(1793,63,266,1,1,0),
(1794,80,267,1,2,0),
(1795,81,267,1,2,0),
(1796,94,267,16,2,0),
(1797,97,267,1,2,0),
(1798,98,268,1,5,0),
(1799,117,268,1,5,0),
(1800,120,268,1,5,0),
(1801,8,269,1,1,0),
(1802,13,269,1,1,0),
(1803,16,269,1,1,0),
(1804,21,269,1,1,0),
(1805,22,269,1,1,0),
(1806,23,269,1,1,0),
(1807,26,269,1,1,0),
(1808,28,269,1,1,0),
(1809,30,269,3,1,0),
(1810,33,269,1,1,0),
(1811,35,269,4,1,0),
(1812,39,269,6,1,0),
(1813,42,269,2,1,0),
(1814,46,269,1,1,0),
(1815,47,269,1,1,0),
(1816,81,270,1,2,0),
(1817,93,270,2,2,0),
(1818,94,270,8,2,0),
(1819,95,270,8,2,0),
(1820,96,270,1,2,0),
(1821,97,270,1,2,0),
(1822,5,271,1,1,0),
(1823,9,271,1,1,0),
(1824,10,271,1,1,0),
(1825,15,271,1,1,0),
(1826,19,271,1,1,0),
(1827,21,271,1,1,0),
(1828,34,271,1,1,0),
(1829,35,271,2,1,0),
(1830,38,271,1,1,0),
(1831,41,271,3,1,0),
(1832,42,271,1,1,0),
(1833,43,271,1,1,0),
(1834,44,271,10,1,0),
(1835,45,271,2,1,0),
(1836,47,271,1,1,0),
(1837,48,271,1,1,0),
(1838,49,271,1,1,0),
(1839,51,271,1,1,0),
(1840,52,271,1,1,0),
(1841,53,271,1,1,0),
(1842,63,271,2,1,0),
(1843,79,271,1,1,0),
(1844,80,272,1,2,0),
(1845,81,272,1,2,0),
(1846,93,272,1,2,0),
(1847,94,272,16,2,0),
(1848,96,272,1,2,0),
(1849,97,272,1,2,0),
(1850,99,273,1,6,0),
(1851,100,273,1,6,0),
(1852,101,273,1,6,0),
(1853,102,273,1,6,0),
(1854,103,273,1,6,0),
(1855,104,273,1,6,0),
(1856,105,273,1,6,0),
(1857,106,273,1,6,0),
(1858,18,274,1,1,0),
(1859,21,274,1,1,0),
(1860,22,274,1,1,0),
(1861,25,274,1,1,0),
(1862,33,274,1,1,0),
(1863,35,274,4,1,0),
(1864,38,274,1,1,0),
(1865,39,274,6,1,0),
(1866,41,274,2,1,0),
(1867,42,274,1,1,0),
(1868,44,274,1,1,0),
(1869,47,274,1,1,0),
(1870,49,274,1,1,0),
(1871,50,274,1,1,0),
(1872,63,274,1,1,0),
(1873,70,274,1,1,0),
(1874,81,275,1,2,0),
(1875,93,275,1,2,0),
(1876,94,275,16,2,0),
(1877,97,275,1,2,0),
(1878,7,276,1,1,0),
(1879,8,276,1,1,0),
(1880,12,276,1,1,0),
(1881,20,276,1,1,0),
(1882,21,276,1,1,0),
(1883,24,276,1,1,0),
(1884,26,276,1,1,0),
(1885,30,276,2,1,0),
(1886,31,276,2,1,0),
(1887,41,276,4,1,0),
(1888,42,276,2,1,0),
(1889,43,276,1,1,0),
(1890,44,276,10,1,0),
(1891,45,276,2,1,0),
(1892,47,276,1,1,0),
(1893,49,276,1,1,0),
(1894,52,276,1,1,0),
(1895,56,276,1,1,0),
(1896,58,276,1,1,0),
(1897,59,276,1,1,0),
(1898,62,276,1,1,0),
(1899,63,276,2,1,0),
(1900,96,277,1,2,0),
(1901,18,278,1,1,0),
(1902,19,278,1,1,0),
(1903,33,278,1,1,0),
(1904,35,278,4,1,0),
(1905,36,278,1,1,0),
(1906,39,278,6,1,0),
(1907,44,278,1,1,0),
(1908,47,278,2,1,0),
(1909,70,278,1,1,0),
(1910,72,278,1,1,0),
(1911,73,278,1,1,0),
(1912,81,279,1,2,0),
(1913,93,279,2,2,0),
(1914,94,279,16,2,0),
(1915,96,279,1,2,0),
(1916,97,279,1,2,0),
(1917,118,280,1,5,0),
(1918,120,280,1,5,0),
(1919,121,280,1,5,0),
(1920,122,280,1,5,0),
(1921,123,280,1,5,0),
(1922,124,280,1,5,0),
(1923,8,281,1,1,0),
(1924,17,281,1,1,0),
(1925,21,281,1,1,0),
(1926,22,281,1,1,0),
(1927,33,281,1,1,0),
(1928,40,281,1,1,0),
(1929,41,281,2,1,0),
(1930,48,281,1,1,0),
(1931,49,281,1,1,0),
(1932,50,281,1,1,0),
(1933,70,281,1,1,0),
(1934,81,282,1,2,0),
(1935,5,283,1,1,0),
(1936,10,283,1,1,0),
(1937,19,283,1,1,0),
(1938,21,283,1,1,0),
(1939,24,283,1,1,0),
(1940,34,283,1,1,0),
(1941,35,283,2,1,0),
(1942,38,283,1,1,0),
(1943,40,283,1,1,0),
(1944,41,283,4,1,0),
(1945,42,283,1,1,0),
(1946,45,283,2,1,0),
(1947,47,283,2,1,0),
(1948,53,283,1,1,0),
(1949,58,283,1,1,0),
(1950,59,283,1,1,0),
(1951,63,283,2,1,0),
(1952,67,283,1,1,0),
(1953,71,283,1,1,0),
(1954,79,283,1,1,0),
(1955,93,284,1,2,0),
(1956,94,284,16,2,0),
(1957,96,284,1,2,0),
(1958,125,285,1,7,0),
(1959,128,285,1,7,0),
(1960,129,285,2,7,0),
(1961,131,285,2,7,0),
(1962,132,285,1,7,0),
(1963,133,285,1,7,0),
(1964,135,285,2,7,0),
(1965,136,285,3,7,0),
(1966,138,285,2,7,0),
(1967,9,286,1,1,0),
(1968,18,286,1,1,0),
(1969,21,286,1,1,0),
(1970,22,286,1,1,0),
(1971,24,286,1,1,0),
(1972,30,286,2,1,0),
(1973,35,286,2,1,0),
(1974,39,286,3,1,0),
(1975,41,286,3,1,0),
(1976,49,286,1,1,0),
(1977,52,286,1,1,0),
(1978,59,286,1,1,0),
(1979,62,286,1,1,0),
(1980,65,286,1,1,0),
(1981,75,286,1,1,0),
(1982,82,286,1,1,0),
(1983,83,286,1,1,0),
(1984,80,287,1,2,0),
(1985,93,287,2,2,0),
(1986,94,287,16,2,0),
(1987,97,287,1,2,0),
(1988,19,288,1,1,0),
(1989,33,288,1,1,0),
(1990,35,288,2,1,0),
(1991,38,288,1,1,0),
(1992,39,288,6,1,0),
(1993,41,288,4,1,0),
(1994,42,288,1,1,0),
(1995,49,288,1,1,0),
(1996,50,288,1,1,0),
(1997,57,288,1,1,0),
(1998,63,288,2,1,0),
(1999,8,289,1,1,0),
(2000,13,289,1,1,0),
(2001,15,289,1,1,0),
(2002,21,289,1,1,0),
(2003,23,289,1,1,0),
(2004,28,289,1,1,0),
(2005,34,289,1,1,0),
(2006,35,289,4,1,0),
(2007,43,289,1,1,0),
(2008,47,289,1,1,0),
(2009,51,289,1,1,0),
(2010,52,289,1,1,0),
(2011,61,289,1,1,0),
(2012,64,289,1,1,0),
(2013,70,289,1,1,0),
(2014,73,289,1,1,0),
(2015,79,289,1,1,0),
(2016,81,290,1,2,0),
(2017,93,290,1,2,0),
(2018,94,290,16,2,0),
(2019,96,290,1,2,0),
(2020,97,290,1,2,0),
(2021,7,291,1,1,0),
(2022,10,291,1,1,0),
(2023,18,291,1,1,0),
(2024,20,291,1,1,0),
(2025,21,291,1,1,0),
(2026,22,291,1,1,0),
(2027,24,291,2,1,0),
(2028,26,291,1,1,0),
(2029,30,291,2,1,0),
(2030,31,291,2,1,0),
(2031,35,291,2,1,0),
(2032,36,291,1,1,0),
(2033,39,291,3,1,0),
(2034,40,291,1,1,0),
(2035,42,291,1,1,0),
(2036,44,291,10,1,0),
(2037,45,291,2,1,0),
(2038,47,291,2,1,0),
(2039,48,291,1,1,0),
(2040,49,291,1,1,0),
(2041,50,291,1,1,0),
(2042,52,291,1,1,0),
(2043,53,291,1,1,0),
(2044,70,291,1,1,0),
(2045,91,291,1,1,0),
(2046,80,292,1,2,0),
(2047,81,292,1,2,0),
(2048,94,292,16,2,0),
(2049,95,292,2,2,0),
(2050,96,292,1,2,0),
(2051,97,292,1,2,0),
(2052,17,293,1,1,0),
(2053,19,293,1,1,0),
(2054,21,293,1,1,0),
(2055,25,293,1,1,0),
(2056,26,293,1,1,0),
(2057,41,293,4,1,0),
(2058,42,293,2,1,0),
(2059,45,293,2,1,0),
(2060,46,293,1,1,0),
(2061,47,293,2,1,0),
(2062,49,293,1,1,0),
(2063,55,293,1,1,0),
(2064,56,293,1,1,0),
(2065,62,293,1,1,0),
(2066,63,293,2,1,0),
(2067,70,293,1,1,0),
(2068,81,294,1,2,0),
(2069,94,294,10,2,0),
(2070,97,294,1,2,0),
(2071,8,295,1,1,0),
(2072,18,295,1,1,0),
(2073,19,295,1,1,0),
(2074,21,295,1,1,0),
(2075,22,295,1,1,0),
(2076,31,295,2,1,0),
(2077,33,295,1,1,0),
(2078,35,295,4,1,0),
(2079,39,295,6,1,0),
(2080,41,295,1,1,0),
(2081,42,295,2,1,0),
(2082,48,295,1,1,0),
(2083,49,295,1,1,0),
(2084,50,295,1,1,0),
(2085,67,295,1,1,0),
(2086,70,295,1,1,0),
(2087,72,295,1,1,0),
(2088,80,296,1,2,0),
(2089,93,296,2,2,0),
(2090,94,296,16,2,0),
(2091,95,296,8,2,0),
(2092,97,296,1,2,0),
(2093,12,297,1,1,0),
(2094,26,297,1,1,0),
(2095,33,297,1,1,0),
(2096,34,297,1,1,0),
(2097,35,297,4,1,0),
(2098,37,297,1,1,0),
(2099,38,297,1,1,0),
(2100,39,297,6,1,0),
(2101,41,297,1,1,0),
(2102,44,297,12,1,0),
(2103,47,297,2,1,0),
(2104,52,297,1,1,0),
(2105,59,297,1,1,0),
(2106,65,297,1,1,0),
(2107,71,297,1,1,0),
(2108,81,298,1,2,0),
(2109,93,298,1,2,0),
(2110,94,298,16,2,0),
(2111,97,298,1,2,0),
(2112,9,299,1,1,0),
(2113,10,299,1,1,0),
(2114,21,299,1,1,0),
(2115,22,299,1,1,0),
(2116,36,299,1,1,0),
(2117,45,299,2,1,0),
(2118,47,299,2,1,0),
(2119,49,299,1,1,0),
(2120,51,299,1,1,0),
(2121,53,299,1,1,0),
(2122,59,299,1,1,0),
(2123,63,299,1,1,0),
(2124,79,299,1,1,0),
(2125,41,300,3,1,0),
(2126,99,301,1,6,0),
(2127,100,301,1,6,0),
(2128,103,301,1,6,0),
(2129,104,301,1,6,0),
(2130,106,301,1,6,0),
(2131,107,301,1,6,0),
(2132,81,302,1,2,0),
(2133,93,302,1,2,0),
(2134,94,302,16,2,0),
(2135,95,302,8,2,0),
(2136,96,302,1,2,0),
(2137,8,303,1,1,0),
(2138,13,303,1,1,0),
(2139,18,303,1,1,0),
(2140,21,303,1,1,0),
(2141,33,303,1,1,0),
(2142,34,303,1,1,0),
(2143,35,303,4,1,0),
(2144,41,303,2,1,0),
(2145,42,303,2,1,0),
(2146,43,303,1,1,0),
(2147,44,303,12,1,0),
(2148,48,303,1,1,0),
(2149,49,303,1,1,0),
(2150,50,303,1,1,0),
(2151,52,303,1,1,0),
(2152,60,303,1,1,0),
(2153,62,303,1,1,0),
(2154,63,303,1,1,0),
(2155,67,303,1,1,0),
(2156,68,303,1,1,0),
(2157,74,303,1,1,0),
(2158,82,303,1,1,0),
(2159,98,304,1,5,0),
(2160,119,304,1,5,0),
(2161,120,304,1,5,0),
(2162,124,304,1,5,0),
(2163,80,305,1,2,0),
(2164,81,305,1,2,0),
(2165,93,305,2,2,0),
(2166,94,305,16,2,0),
(2167,97,305,1,2,0),
(2168,10,306,1,1,0),
(2169,19,306,1,1,0),
(2170,20,306,1,1,0),
(2171,21,306,1,1,0),
(2172,22,306,1,1,0),
(2173,24,306,1,1,0),
(2174,25,306,1,1,0),
(2175,30,306,2,1,0),
(2176,31,306,2,1,0),
(2177,35,306,2,1,0),
(2178,36,306,1,1,0),
(2179,38,306,1,1,0),
(2180,39,306,3,1,0),
(2181,40,306,1,1,0),
(2182,41,306,3,1,0),
(2183,42,306,1,1,0),
(2184,44,306,10,1,0),
(2185,45,306,2,1,0),
(2186,47,306,2,1,0),
(2187,48,306,1,1,0),
(2188,49,306,1,1,0),
(2189,52,306,1,1,0),
(2190,59,306,2,1,0),
(2191,63,306,1,1,0),
(2192,73,306,1,1,0),
(2193,7,307,1,1,0),
(2194,8,307,1,1,0),
(2195,9,307,1,1,0),
(2196,10,307,1,1,0),
(2197,33,307,1,1,0),
(2198,35,307,4,1,0),
(2199,39,307,3,1,0),
(2200,42,307,1,1,0),
(2201,63,307,2,1,0),
(2202,81,308,1,2,0),
(2203,93,308,1,2,0),
(2204,94,308,20,2,0),
(2205,96,308,1,2,0),
(2206,5,309,1,1,0),
(2207,18,309,1,1,0),
(2208,23,309,1,1,0),
(2209,24,309,2,1,0),
(2210,25,309,1,1,0),
(2211,26,309,1,1,0),
(2212,30,309,3,1,0),
(2213,33,309,1,1,0),
(2214,34,309,1,1,0),
(2215,41,309,4,1,0),
(2216,42,309,1,1,0),
(2217,47,309,1,1,0),
(2218,48,309,1,1,0),
(2219,49,309,1,1,0),
(2220,50,309,1,1,0),
(2221,59,309,1,1,0),
(2222,62,309,1,1,0),
(2223,63,309,1,1,0),
(2224,80,310,1,2,0),
(2225,81,310,1,2,0),
(2226,93,310,8,2,0),
(2227,94,310,8,2,0),
(2228,96,310,1,2,0),
(2229,9,311,1,1,0),
(2230,12,311,1,1,0),
(2231,13,311,1,1,0),
(2232,15,311,1,1,0),
(2233,16,311,1,1,0),
(2234,18,311,1,1,0),
(2235,19,311,1,1,0),
(2236,35,311,3,1,0),
(2237,36,311,1,1,0),
(2238,37,311,1,1,0),
(2239,39,311,6,1,0),
(2240,42,311,1,1,0),
(2241,45,311,2,1,0),
(2242,47,311,2,1,0),
(2243,51,311,1,1,0),
(2244,52,311,1,1,0),
(2245,63,311,1,1,0),
(2246,65,311,1,1,0),
(2247,93,312,2,2,0),
(2248,94,312,16,2,0),
(2249,81,313,1,2,0),
(2250,93,313,3,2,0),
(2251,94,313,16,2,0),
(2252,96,313,1,2,0),
(2253,8,314,1,1,0),
(2254,21,314,1,1,0),
(2255,22,314,1,1,0),
(2256,35,314,2,1,0),
(2257,39,314,6,1,0),
(2258,41,314,2,1,0),
(2259,42,314,2,1,0),
(2260,47,314,1,1,0),
(2261,49,314,1,1,0),
(2262,50,314,1,1,0),
(2263,53,314,0,1,0),
(2264,79,314,0,1,0),
(2265,92,314,1,1,0),
(2266,8,315,1,1,0),
(2267,19,315,1,1,0),
(2268,25,315,1,1,0),
(2269,26,315,1,1,0),
(2270,41,315,4,1,0),
(2271,44,315,10,1,0),
(2272,47,315,1,1,0),
(2273,53,315,1,1,0),
(2274,56,315,1,1,0),
(2275,57,315,1,1,0),
(2276,59,315,1,1,0),
(2277,63,315,1,1,0),
(2278,81,316,1,2,0),
(2279,93,316,1,2,0),
(2280,94,316,16,2,0),
(2281,96,316,1,2,0),
(2282,19,317,1,1,0),
(2283,21,317,1,1,0),
(2284,33,317,1,1,0),
(2285,34,317,1,1,0),
(2286,35,317,4,1,0),
(2287,38,317,1,1,0),
(2288,39,317,3,1,0),
(2289,40,317,1,1,0),
(2290,42,317,2,1,0),
(2291,43,317,1,1,0),
(2292,45,317,2,1,0),
(2293,47,317,1,1,0),
(2294,48,317,1,1,0),
(2295,49,317,1,1,0),
(2296,50,317,1,1,0),
(2297,52,317,1,1,0),
(2298,63,317,1,1,0),
(2299,79,317,1,1,0),
(2300,81,318,2,2,0),
(2301,93,318,1,2,0),
(2302,94,318,16,2,0),
(2303,9,319,1,1,0),
(2304,10,319,1,1,0),
(2305,18,319,1,1,0),
(2306,20,319,1,1,0),
(2307,21,319,3,1,0),
(2308,22,319,1,1,0),
(2309,24,319,1,1,0),
(2310,27,319,1,1,0),
(2311,30,319,2,1,0),
(2312,31,319,2,1,0),
(2313,33,319,1,1,0),
(2314,35,319,2,1,0),
(2315,39,319,3,1,0),
(2316,41,319,2,1,0),
(2317,49,319,1,1,0),
(2318,63,319,1,1,0),
(2319,73,319,1,1,0),
(2320,75,319,1,1,0),
(2321,82,319,1,1,0),
(2322,93,320,2,2,0),
(2323,94,320,16,2,0),
(2324,7,321,1,1,0),
(2325,8,321,1,1,0),
(2326,13,321,1,1,0),
(2327,25,321,1,1,0),
(2328,26,321,1,1,0),
(2329,35,321,2,1,0),
(2330,37,321,1,1,0),
(2331,41,321,2,1,0),
(2332,42,321,2,1,0),
(2333,47,321,1,1,0),
(2334,49,321,1,1,0),
(2335,53,321,1,1,0),
(2336,63,321,1,1,0),
(2337,80,322,1,2,0),
(2338,81,322,1,2,0),
(2339,93,322,1,2,0),
(2340,94,322,16,2,0),
(2341,127,323,1,7,0),
(2342,132,323,2,7,0),
(2343,133,323,2,7,0),
(2344,135,323,3,7,0),
(2345,139,323,1,7,0),
(2346,8,324,1,1,0),
(2347,12,324,1,1,0),
(2348,18,324,1,1,0),
(2349,19,324,1,1,0),
(2350,21,324,1,1,0),
(2351,22,324,1,1,0),
(2352,33,324,1,1,0),
(2353,34,324,1,1,0),
(2354,35,324,4,1,0),
(2355,38,324,1,1,0),
(2356,39,324,3,1,0),
(2357,41,324,4,1,0),
(2358,44,324,10,1,0),
(2359,45,324,2,1,0),
(2360,47,324,2,1,0),
(2361,48,324,1,1,0),
(2362,49,324,1,1,0),
(2363,50,324,1,1,0),
(2364,51,324,1,1,0),
(2365,52,324,1,1,0),
(2366,55,324,1,1,0),
(2367,56,324,1,1,0),
(2368,57,324,1,1,0),
(2369,58,324,1,1,0),
(2370,59,324,1,1,0),
(2371,62,324,1,1,0),
(2372,79,324,1,1,0),
(2373,81,325,1,2,0),
(2374,93,325,2,2,0),
(2375,94,325,16,2,0),
(2376,96,325,1,2,0),
(2377,81,326,2,2,0),
(2378,93,326,1,2,0),
(2379,94,326,16,2,0),
(2380,8,327,1,1,0),
(2381,9,327,1,1,0),
(2382,10,327,1,1,0),
(2383,19,327,1,1,0),
(2384,21,327,1,1,0),
(2385,22,327,1,1,0),
(2386,23,327,1,1,0),
(2387,24,327,1,1,0),
(2388,25,327,1,1,0),
(2389,26,327,1,1,0),
(2390,30,327,3,1,0),
(2391,31,327,3,1,0),
(2392,33,327,1,1,0),
(2393,35,327,3,1,0),
(2394,36,327,1,1,0),
(2395,39,327,6,1,0),
(2396,40,327,1,1,0),
(2397,41,327,6,1,0),
(2398,42,327,2,1,0),
(2399,44,327,5,1,0),
(2400,45,327,2,1,0),
(2401,47,327,2,1,0),
(2402,49,327,2,1,0),
(2403,50,327,1,1,0),
(2404,53,327,1,1,0),
(2405,62,327,1,1,0),
(2406,63,327,2,1,0),
(2407,65,327,1,1,0),
(2408,69,327,1,1,0),
(2409,79,327,1,1,0),
(2410,82,327,1,1,0),
(2411,80,328,1,2,0),
(2412,81,328,1,2,0),
(2413,93,328,2,2,0),
(2414,94,328,24,2,0),
(2415,96,328,1,2,0),
(2416,5,329,1,1,0),
(2417,7,329,1,1,0),
(2418,10,329,1,1,0),
(2419,13,329,1,1,0),
(2420,15,329,1,1,0),
(2421,17,329,1,1,0),
(2422,18,329,1,1,0),
(2423,21,329,2,1,0),
(2424,25,329,1,1,0),
(2425,33,329,1,1,0),
(2426,35,329,4,1,0),
(2427,38,329,1,1,0),
(2428,39,329,6,1,0),
(2429,41,329,4,1,0),
(2430,42,329,1,1,0),
(2431,47,329,2,1,0),
(2432,48,329,1,1,0),
(2433,52,329,1,1,0),
(2434,63,329,2,1,0),
(2435,81,330,1,2,0),
(2436,93,330,2,2,0),
(2437,94,330,24,2,0),
(2438,19,331,1,1,0),
(2439,22,331,1,1,0),
(2440,28,331,1,1,0),
(2441,34,331,1,1,0),
(2442,35,331,2,1,0),
(2443,39,331,6,1,0),
(2444,41,331,3,1,0),
(2445,42,331,2,1,0),
(2446,45,331,2,1,0),
(2447,46,331,1,1,0),
(2448,49,331,1,1,0),
(2449,80,332,1,2,0),
(2450,81,332,1,2,0),
(2451,93,332,3,2,0),
(2452,94,332,24,2,0),
(2453,96,332,1,2,0),
(2454,6,333,1,1,0),
(2455,8,333,1,1,0),
(2456,9,333,1,1,0),
(2457,12,333,1,1,0),
(2458,18,333,1,1,0),
(2459,25,333,1,1,0),
(2460,26,333,1,1,0),
(2461,30,333,2,1,0),
(2462,31,333,1,1,0),
(2463,33,333,1,1,0),
(2464,35,333,2,1,0),
(2465,40,333,1,1,0),
(2466,41,333,4,1,0),
(2467,42,333,1,1,0),
(2468,43,333,1,1,0),
(2469,49,333,1,1,0),
(2470,50,333,1,1,0),
(2471,52,333,1,1,0),
(2472,53,333,1,1,0),
(2473,59,333,2,1,0),
(2474,62,333,1,1,0),
(2475,73,333,1,1,0),
(2476,74,333,1,1,0),
(2477,75,333,1,1,0),
(2478,79,333,1,1,0),
(2479,85,333,1,1,0),
(2480,81,334,1,2,0),
(2481,94,334,16,2,0),
(2482,96,334,1,2,0),
(2483,21,335,1,1,0),
(2484,23,335,1,1,0),
(2485,24,335,1,1,0),
(2486,33,335,1,1,0),
(2487,35,335,4,1,0),
(2488,38,335,1,1,0),
(2489,41,335,5,1,0),
(2490,44,335,12,1,0),
(2491,45,335,2,1,0),
(2492,47,335,2,1,0),
(2493,48,335,1,1,0),
(2494,49,335,1,1,0),
(2495,63,335,3,1,0),
(2496,91,335,1,1,0),
(2497,80,336,1,2,0),
(2498,81,336,1,2,0),
(2499,93,336,2,2,0),
(2500,94,336,16,2,0),
(2501,96,336,1,2,0),
(2502,9,337,1,1,0),
(2503,18,337,1,1,0),
(2504,22,337,1,1,0),
(2505,26,337,1,1,0),
(2506,36,337,1,1,0),
(2507,38,337,1,1,0),
(2508,39,337,6,1,0),
(2509,40,337,1,1,0),
(2510,51,337,1,1,0),
(2511,53,337,1,1,0),
(2512,56,337,1,1,0),
(2513,79,337,1,1,0),
(2514,82,337,1,1,0),
(2515,91,337,1,1,0),
(2516,7,338,1,1,0),
(2517,8,338,1,1,0),
(2518,10,338,1,1,0),
(2519,11,338,1,1,0),
(2520,14,338,1,1,0),
(2521,16,338,1,1,0),
(2522,19,338,1,1,0),
(2523,20,338,1,1,0),
(2524,27,338,1,1,0),
(2525,30,338,2,1,0),
(2526,31,338,2,1,0),
(2527,34,338,1,1,0),
(2528,35,338,2,1,0),
(2529,41,338,3,1,0),
(2530,42,338,1,1,0),
(2531,47,338,2,1,0),
(2532,49,338,1,1,0),
(2533,50,338,1,1,0),
(2534,52,338,1,1,0),
(2535,58,338,1,1,0),
(2536,63,338,1,1,0),
(2537,81,339,1,2,0),
(2538,93,339,1,2,0),
(2539,94,339,16,2,0),
(2540,126,340,1,7,0),
(2541,127,340,1,7,0),
(2542,132,340,6,7,0),
(2543,133,340,6,7,0),
(2544,135,340,6,7,0),
(2545,18,341,1,1,0),
(2546,19,341,2,1,0),
(2547,20,341,1,1,0),
(2548,21,341,1,1,0),
(2549,25,341,1,1,0),
(2550,28,341,1,1,0),
(2551,33,341,1,1,0),
(2552,35,341,4,1,0),
(2553,37,341,1,1,0),
(2554,39,341,6,1,0),
(2555,41,341,2,1,0),
(2556,42,341,2,1,0),
(2557,44,341,12,1,0),
(2558,45,341,2,1,0),
(2559,47,341,2,1,0),
(2560,48,341,1,1,0),
(2561,58,341,1,1,0),
(2562,61,341,1,1,0),
(2563,65,341,1,1,0),
(2564,67,341,2,1,0),
(2565,85,341,1,1,0),
(2566,81,342,2,2,0),
(2567,93,342,3,2,0),
(2568,94,342,32,2,0),
(2569,80,343,1,2,0),
(2570,81,343,1,2,0),
(2571,93,343,3,2,0),
(2572,94,343,24,2,0),
(2573,96,343,1,2,0),
(2574,5,344,1,1,0),
(2575,8,344,1,1,0),
(2576,20,344,1,1,0),
(2577,21,344,1,1,0),
(2578,22,344,1,1,0),
(2579,26,344,1,1,0),
(2580,33,344,1,1,0),
(2581,40,344,1,1,0),
(2582,43,344,1,1,0),
(2583,46,344,1,1,0),
(2584,49,344,1,1,0),
(2585,52,344,1,1,0),
(2586,63,344,2,1,0),
(2587,80,345,1,2,0),
(2588,81,345,1,2,0),
(2589,93,345,1,2,0),
(2590,94,345,16,2,0),
(2591,95,345,8,2,0),
(2592,6,346,1,1,0),
(2593,9,346,1,1,0),
(2594,10,346,1,1,0),
(2595,23,346,1,1,0),
(2596,24,346,1,1,0),
(2597,25,346,1,1,0),
(2598,30,346,3,1,0),
(2599,34,346,1,1,0),
(2600,35,346,3,1,0),
(2601,36,346,1,1,0),
(2602,41,346,4,1,0),
(2603,42,346,1,1,0),
(2604,44,346,6,1,0),
(2605,45,346,2,1,0),
(2606,48,346,1,1,0),
(2607,49,346,1,1,0),
(2608,50,346,1,1,0),
(2609,59,346,1,1,0),
(2610,63,346,1,1,0),
(2611,70,346,1,1,0),
(2612,71,346,1,1,0),
(2613,82,346,1,1,0),
(2614,5,347,1,1,0),
(2615,13,347,1,1,0),
(2616,18,347,1,1,0),
(2617,19,347,1,1,0),
(2618,21,347,1,1,0),
(2619,22,347,1,1,0),
(2620,33,347,1,1,0),
(2621,35,347,3,1,0),
(2622,37,347,1,1,0),
(2623,38,347,1,1,0),
(2624,39,347,3,1,0),
(2625,40,347,1,1,0),
(2626,41,347,2,1,0),
(2627,42,347,1,1,0),
(2628,44,347,12,1,0),
(2629,45,347,2,1,0),
(2630,49,347,1,1,0),
(2631,51,347,1,1,0),
(2632,63,347,1,1,0),
(2633,68,347,1,1,0),
(2634,93,348,2,2,0),
(2635,94,348,24,2,0),
(2636,5,349,1,1,0),
(2637,8,349,1,1,0),
(2638,12,349,1,1,0),
(2639,21,349,1,1,0),
(2640,22,349,1,1,0),
(2641,24,349,2,1,0),
(2642,26,349,1,1,0),
(2643,31,349,2,1,0),
(2644,35,349,4,1,0),
(2645,41,349,2,1,0),
(2646,42,349,1,1,0),
(2647,47,349,2,1,0),
(2648,50,349,1,1,0),
(2649,53,349,1,1,0),
(2650,55,349,1,1,0),
(2651,57,349,1,1,0),
(2652,73,349,1,1,0),
(2653,79,349,1,1,0),
(2654,9,350,1,1,0),
(2655,19,350,1,1,0),
(2656,30,350,2,1,0),
(2657,35,350,4,1,0),
(2658,38,350,1,1,0),
(2659,40,350,1,1,0),
(2660,41,350,3,1,0),
(2661,45,350,2,1,0),
(2662,47,350,2,1,0),
(2663,49,350,1,1,0),
(2664,52,350,1,1,0),
(2665,53,350,1,1,0),
(2666,56,350,1,1,0),
(2667,59,350,1,1,0),
(2668,60,350,1,1,0),
(2669,62,350,2,1,0),
(2670,63,350,3,1,0),
(2671,64,350,1,1,0),
(2672,65,350,1,1,0),
(2673,75,350,1,1,0),
(2674,79,350,1,1,0),
(2675,7,351,1,1,0),
(2676,8,351,1,1,0),
(2677,18,351,1,1,0),
(2678,21,351,1,1,0),
(2679,33,351,2,1,0),
(2680,35,351,4,1,0),
(2681,39,351,6,1,0),
(2682,41,351,2,1,0),
(2683,42,351,2,1,0),
(2684,48,351,1,1,0),
(2685,52,351,1,1,0),
(2686,93,352,2,2,0),
(2687,94,352,24,2,0),
(2688,5,353,1,1,0),
(2689,7,353,1,1,0),
(2690,8,353,1,1,0),
(2691,10,353,1,1,0),
(2692,18,353,1,1,0),
(2693,21,353,1,1,0),
(2694,33,353,2,1,0),
(2695,34,353,1,1,0),
(2696,35,353,4,1,0),
(2697,36,353,1,1,0),
(2698,37,353,1,1,0),
(2699,39,353,6,1,0),
(2700,41,353,4,1,0),
(2701,42,353,2,1,0),
(2702,44,353,6,1,0),
(2703,45,353,2,1,0),
(2704,47,353,2,1,0),
(2705,48,353,1,1,0),
(2706,49,353,1,1,0),
(2707,50,353,1,1,0),
(2708,52,353,1,1,0),
(2709,8,354,1,1,0),
(2710,19,354,1,1,0),
(2711,22,354,1,1,0),
(2712,23,354,1,1,0),
(2713,31,354,2,1,0),
(2714,41,354,2,1,0),
(2715,49,354,1,1,0),
(2716,81,355,1,2,0),
(2717,6,356,1,1,0),
(2718,13,356,1,1,0),
(2719,18,356,1,1,0),
(2720,25,356,1,1,0),
(2721,26,356,1,1,0),
(2722,30,356,2,1,0),
(2723,35,356,4,1,0),
(2724,38,356,1,1,0),
(2725,39,356,3,1,0),
(2726,42,356,1,1,0),
(2727,43,356,1,1,0),
(2728,44,356,10,1,0),
(2729,45,356,4,1,0),
(2730,46,356,1,1,0),
(2731,47,356,4,1,0),
(2732,63,356,2,1,0),
(2733,79,356,1,1,0),
(2734,82,356,1,1,0),
(2735,92,356,1,1,0),
(2736,80,357,1,2,0),
(2737,81,357,1,2,0),
(2738,96,357,1,2,0),
(2739,81,358,2,2,0),
(2740,93,358,2,2,0),
(2741,94,358,16,2,0),
(2742,9,359,1,1,0),
(2743,21,359,1,1,0),
(2744,22,359,1,1,0),
(2745,33,359,1,1,0),
(2746,35,359,2,1,0),
(2747,39,359,3,1,0),
(2748,40,359,1,1,0),
(2749,41,359,5,1,0),
(2750,42,359,2,1,0),
(2751,44,359,12,1,0),
(2752,47,359,1,1,0),
(2753,48,359,1,1,0),
(2754,51,359,1,1,0),
(2755,52,359,1,1,0),
(2756,59,359,1,1,0),
(2757,80,360,1,2,0),
(2758,81,360,1,2,0),
(2759,93,360,2,2,0),
(2760,94,360,16,2,0),
(2761,96,360,1,2,0),
(2762,8,361,1,1,0),
(2763,10,361,1,1,0),
(2764,12,361,1,1,0),
(2765,15,361,1,1,0),
(2766,18,361,1,1,0),
(2767,19,361,1,1,0),
(2768,28,361,1,1,0),
(2769,33,361,1,1,0),
(2770,35,361,4,1,0),
(2771,38,361,1,1,0),
(2772,41,361,1,1,0),
(2773,47,361,1,1,0),
(2774,49,361,1,1,0),
(2775,50,361,1,1,0),
(2776,53,361,1,1,0),
(2777,63,361,1,1,0),
(2778,7,362,1,1,0),
(2779,10,362,1,1,0),
(2780,16,362,1,1,0),
(2781,21,362,1,1,0),
(2782,22,362,1,1,0),
(2783,24,362,1,1,0),
(2784,26,362,1,1,0),
(2785,33,362,2,1,0),
(2786,41,362,3,1,0),
(2787,42,362,1,1,0),
(2788,47,362,2,1,0),
(2789,49,362,1,1,0),
(2790,53,362,1,1,0),
(2791,65,362,1,1,0),
(2792,79,362,1,1,0),
(2793,21,363,1,1,0),
(2794,30,364,3,1,0),
(2795,31,364,2,1,0),
(2796,33,364,1,1,0),
(2797,34,364,1,1,0),
(2798,35,364,2,1,0),
(2799,36,364,1,1,0),
(2800,38,364,1,1,0),
(2801,39,364,3,1,0),
(2802,40,364,1,1,0),
(2803,41,364,3,1,0),
(2804,42,364,1,1,0),
(2805,45,364,4,1,0),
(2806,47,364,3,1,0),
(2807,48,364,1,1,0),
(2808,62,364,1,1,0),
(2809,63,364,2,1,0),
(2810,82,364,1,1,0),
(2811,81,365,2,2,0),
(2812,93,365,3,2,0),
(2813,94,365,32,2,0),
(2814,81,366,1,2,0),
(2815,93,366,3,2,0),
(2816,94,366,32,2,0),
(2817,18,367,1,1,0),
(2818,19,367,1,1,0),
(2819,21,367,1,1,0),
(2820,22,367,1,1,0),
(2821,26,367,1,1,0),
(2822,33,367,1,1,0),
(2823,35,367,4,1,0),
(2824,39,367,6,1,0),
(2825,41,367,4,1,0),
(2826,42,367,2,1,0),
(2827,43,367,1,1,0),
(2828,47,367,2,1,0),
(2829,49,367,1,1,0),
(2830,63,367,1,1,0),
(2831,75,367,1,1,0),
(2832,8,368,1,1,0),
(2833,13,368,1,1,0),
(2834,17,368,1,1,0),
(2835,18,368,1,1,0),
(2836,24,368,1,1,0),
(2837,25,368,1,1,0),
(2838,34,368,1,1,0),
(2839,38,368,1,1,0),
(2840,39,368,6,1,0),
(2841,40,368,1,1,0),
(2842,41,368,2,1,0),
(2843,42,368,2,1,0),
(2844,44,368,12,1,0),
(2845,45,368,2,1,0),
(2846,46,368,1,1,0),
(2847,47,368,2,1,0),
(2848,48,368,1,1,0),
(2849,49,368,1,1,0),
(2850,50,368,1,1,0),
(2851,51,368,1,1,0),
(2852,52,368,1,1,0),
(2853,53,368,1,1,0),
(2854,62,368,1,1,0),
(2855,63,368,2,1,0),
(2856,66,368,1,1,0),
(2857,79,368,1,1,0),
(2858,92,368,1,1,0),
(2859,7,369,1,1,0),
(2860,8,369,1,1,0),
(2861,9,369,1,1,0),
(2862,12,369,1,1,0),
(2863,17,369,1,1,0),
(2864,19,369,2,1,0),
(2865,21,369,1,1,0),
(2866,23,369,1,1,0),
(2867,26,369,1,1,0),
(2868,27,369,1,1,0),
(2869,35,369,4,1,0),
(2870,38,369,1,1,0),
(2871,41,369,2,1,0),
(2872,45,369,4,1,0),
(2873,47,369,4,1,0),
(2874,48,369,1,1,0),
(2875,49,369,1,1,0),
(2876,50,369,1,1,0),
(2877,54,369,1,1,0),
(2878,56,369,1,1,0),
(2879,57,369,1,1,0),
(2880,74,369,1,1,0),
(2881,80,370,1,2,0),
(2882,81,370,1,2,0),
(2883,93,370,2,2,0),
(2884,94,370,24,2,0),
(2885,96,370,1,2,0),
(2886,5,371,1,1,0),
(2887,33,371,1,1,0),
(2888,38,371,1,1,0),
(2889,41,371,2,1,0),
(2890,52,371,1,1,0),
(2891,65,371,1,1,0),
(2892,70,371,1,1,0),
(2893,71,371,1,1,0),
(2894,82,371,1,1,0),
(2895,9,372,1,1,0),
(2896,10,372,1,1,0),
(2897,18,372,1,1,0),
(2898,19,372,1,1,0),
(2899,20,372,1,1,0),
(2900,21,372,1,1,0),
(2901,28,372,1,1,0),
(2902,30,372,2,1,0),
(2903,31,372,2,1,0),
(2904,33,372,2,1,0),
(2905,35,372,4,1,0),
(2906,36,372,1,1,0),
(2907,39,372,3,1,0),
(2908,41,372,4,1,0),
(2909,42,372,1,1,0),
(2910,43,372,1,1,0),
(2911,44,372,20,1,0),
(2912,45,372,4,1,0),
(2913,46,372,1,1,0),
(2914,47,372,3,1,0),
(2915,49,372,1,1,0),
(2916,53,372,1,1,0),
(2917,63,372,2,1,0),
(2918,67,372,2,1,0),
(2919,79,372,1,1,0),
(2920,82,372,1,1,0),
(2921,85,372,1,1,0),
(2922,91,372,1,1,0),
(2923,99,373,1,6,0),
(2924,103,373,1,6,0),
(2925,105,373,1,6,0),
(2926,107,373,1,6,0),
(2927,18,374,1,1,0),
(2928,34,374,1,1,0),
(2929,35,374,4,1,0),
(2930,38,374,1,1,0),
(2931,39,374,6,1,0),
(2932,40,374,1,1,0),
(2933,41,374,1,1,0),
(2934,42,374,2,1,0),
(2935,43,374,1,1,0),
(2936,44,374,1,1,0),
(2937,45,374,2,1,0),
(2938,47,374,2,1,0),
(2939,48,374,1,1,0),
(2940,49,374,1,1,0),
(2941,50,374,1,1,0),
(2942,51,374,1,1,0),
(2943,52,374,1,1,0),
(2944,66,374,1,1,0),
(2945,80,375,1,2,0),
(2946,81,375,1,2,0),
(2947,80,376,1,2,0),
(2948,81,376,2,2,0),
(2949,93,376,3,2,0),
(2950,94,376,24,2,0),
(2951,96,376,1,2,0),
(2952,8,377,1,1,0),
(2953,22,377,1,1,0),
(2954,24,377,1,1,0),
(2955,25,377,1,1,0),
(2956,26,377,1,1,0),
(2957,33,377,1,1,0),
(2958,35,377,2,1,0),
(2959,41,377,5,1,0),
(2960,44,377,12,1,0),
(2961,45,377,2,1,0),
(2962,49,377,1,1,0),
(2963,59,377,1,1,0),
(2964,75,377,1,1,0),
(2965,7,378,1,1,0),
(2966,9,378,2,1,0),
(2967,10,378,1,1,0),
(2968,15,378,1,1,0),
(2969,19,378,2,1,0),
(2970,21,378,1,1,0),
(2971,24,378,2,1,0),
(2972,25,378,1,1,0),
(2973,26,378,1,1,0),
(2974,30,378,3,1,0),
(2975,31,378,2,1,0),
(2976,35,378,2,1,0),
(2977,37,378,2,1,0),
(2978,38,378,1,1,0),
(2979,40,378,1,1,0),
(2980,41,378,2,1,0),
(2981,42,378,2,1,0),
(2982,45,378,4,1,0),
(2983,47,378,4,1,0),
(2984,50,378,1,1,0),
(2985,53,378,1,1,0),
(2986,55,378,1,1,0),
(2987,56,378,1,1,0),
(2988,58,378,1,1,0),
(2989,62,378,2,1,0),
(2990,63,378,2,1,0),
(2991,73,378,1,1,0),
(2992,79,378,1,1,0),
(2993,80,379,1,2,0),
(2994,81,379,1,2,0),
(2995,93,379,1,2,0),
(2996,94,379,16,2,0),
(2997,97,379,1,2,0),
(2998,7,380,1,1,0),
(2999,8,380,1,1,0),
(3000,18,380,1,1,0),
(3001,21,380,1,1,0),
(3002,22,380,1,1,0),
(3003,24,380,1,1,0),
(3004,33,380,1,1,0),
(3005,35,380,4,1,0),
(3006,39,380,6,1,0),
(3007,41,380,1,1,0),
(3008,42,380,1,1,0),
(3009,48,380,1,1,0),
(3010,51,380,1,1,0),
(3011,63,380,1,1,0),
(3012,65,380,1,1,0),
(3013,66,380,1,1,0),
(3014,80,381,1,2,0),
(3015,81,381,2,2,0),
(3016,93,381,2,2,0),
(3017,94,381,24,2,0),
(3018,96,381,1,2,0),
(3019,97,381,2,2,0),
(3020,7,382,1,1,0),
(3021,13,382,1,1,0),
(3022,25,382,1,1,0),
(3023,38,382,1,1,0),
(3024,41,382,2,1,0),
(3025,42,382,1,1,0),
(3026,43,382,1,1,0),
(3027,44,382,12,1,0),
(3028,45,382,2,1,0),
(3029,50,382,1,1,0),
(3030,52,382,1,1,0),
(3031,53,382,1,1,0),
(3032,61,382,1,1,0),
(3033,79,382,1,1,0),
(3034,85,382,1,1,0),
(3035,14,383,1,1,0),
(3036,19,383,1,1,0),
(3037,20,383,1,1,0),
(3038,21,383,1,1,0),
(3039,23,383,1,1,0),
(3040,28,383,1,1,0),
(3041,34,383,1,1,0),
(3042,35,383,4,1,0),
(3043,40,383,1,1,0),
(3044,41,383,4,1,0),
(3045,42,383,1,1,0),
(3046,47,383,1,1,0),
(3047,49,383,1,1,0),
(3048,63,383,2,1,0),
(3049,82,383,1,1,0),
(3050,91,383,1,1,0),
(3051,92,383,1,1,0),
(3052,94,384,16,2,0),
(3053,96,384,1,2,0),
(3054,97,384,1,2,0),
(3055,10,385,1,1,0),
(3056,12,385,1,1,0),
(3057,18,385,1,1,0),
(3058,22,385,1,1,0),
(3059,28,385,1,1,0),
(3060,30,385,2,1,0),
(3061,31,385,3,1,0),
(3062,33,385,1,1,0),
(3063,35,385,4,1,0),
(3064,36,385,1,1,0),
(3065,37,385,1,1,0),
(3066,38,385,1,1,0),
(3067,39,385,3,1,0),
(3068,41,385,2,1,0),
(3069,42,385,2,1,0),
(3070,44,385,20,1,0),
(3071,45,385,4,1,0),
(3072,46,385,1,1,0),
(3073,47,385,4,1,0),
(3074,48,385,1,1,0),
(3075,49,385,1,1,0),
(3076,53,385,1,1,0),
(3077,57,385,1,1,0),
(3078,59,385,1,1,0),
(3079,79,385,1,1,0),
(3080,93,386,3,2,0),
(3081,94,386,16,2,0),
(3082,97,386,2,2,0),
(3083,8,387,1,1,0),
(3084,18,387,1,1,0),
(3085,19,387,1,1,0),
(3086,21,387,1,1,0),
(3087,24,387,1,1,0),
(3088,25,387,1,1,0),
(3089,26,387,1,1,0),
(3090,31,387,2,1,0),
(3091,33,387,1,1,0),
(3092,35,387,4,1,0),
(3093,41,387,5,1,0),
(3094,42,387,2,1,0),
(3095,43,387,1,1,0),
(3096,44,387,12,1,0),
(3097,47,387,3,1,0),
(3098,49,387,1,1,0),
(3099,50,387,1,1,0),
(3100,52,387,1,1,0),
(3101,66,387,1,1,0),
(3102,82,387,1,1,0),
(3103,80,388,2,2,0),
(3104,81,388,2,2,0),
(3105,93,388,2,2,0),
(3106,94,388,24,2,0),
(3107,97,388,1,2,0),
(3108,125,389,1,7,0),
(3109,129,389,1,7,0),
(3110,131,389,3,7,0),
(3111,132,389,3,7,0),
(3112,134,389,2,7,0),
(3113,135,389,6,7,0),
(3114,136,389,3,7,0),
(3115,139,389,2,7,0),
(3116,5,390,1,1,0),
(3117,7,390,1,1,0),
(3118,8,390,1,1,0),
(3119,19,390,1,1,0),
(3120,22,390,1,1,0),
(3121,25,390,1,1,0),
(3122,26,390,1,1,0),
(3123,31,390,1,1,0),
(3124,33,390,1,1,0),
(3125,34,390,1,1,0),
(3126,35,390,4,1,0),
(3127,38,390,1,1,0),
(3128,39,390,6,1,0),
(3129,40,390,1,1,0),
(3130,41,390,3,1,0),
(3131,42,390,2,1,0),
(3132,44,390,12,1,0),
(3133,47,390,2,1,0),
(3134,49,390,1,1,0),
(3135,50,390,1,1,0),
(3136,51,390,1,1,0),
(3137,63,390,1,1,0),
(3138,85,390,1,1,0),
(3139,81,391,1,2,0),
(3140,93,391,2,2,0),
(3141,94,391,8,2,0),
(3142,94,391,8,2,0),
(3143,95,391,8,2,0),
(3144,6,392,1,1,0),
(3145,9,392,1,1,0),
(3146,10,392,1,1,0),
(3147,13,392,1,1,0),
(3148,18,392,1,1,0),
(3149,19,392,1,1,0),
(3150,20,392,1,1,0),
(3151,21,392,1,1,0),
(3152,24,392,1,1,0),
(3153,26,392,1,1,0),
(3154,30,392,3,1,0),
(3155,31,392,2,1,0),
(3156,33,392,1,1,0),
(3157,38,392,1,1,0),
(3158,41,392,3,1,0),
(3159,42,392,2,1,0),
(3160,43,392,1,1,0),
(3161,44,392,30,1,0),
(3162,45,392,4,1,0),
(3163,46,392,1,1,0),
(3164,47,392,3,1,0),
(3165,48,392,1,1,0),
(3166,49,392,1,1,0),
(3167,53,392,1,1,0),
(3168,63,392,3,1,0),
(3169,65,392,1,1,0),
(3170,75,392,1,1,0),
(3171,79,392,1,1,0),
(3172,85,392,1,1,0),
(3173,91,392,1,1,0),
(3204,8,394,1,1,0),
(3205,22,394,1,1,0),
(3206,25,394,1,1,0),
(3207,35,394,2,1,0),
(3208,41,394,2,1,0),
(3209,42,394,1,1,0),
(3210,52,394,2,1,0),
(3211,56,394,1,1,0),
(3212,66,394,1,1,0),
(3213,72,394,1,1,0),
(3214,73,394,1,1,0),
(3215,85,394,1,1,0),
(3216,92,394,1,1,0),
(3217,81,395,2,2,0),
(3218,93,395,2,2,0),
(3219,94,395,32,2,0),
(3220,96,395,1,2,0),
(3221,97,395,1,2,0),
(3222,8,396,1,1,0),
(3223,12,396,1,1,0),
(3224,21,396,1,1,0),
(3225,33,396,1,1,0),
(3226,34,396,1,1,0),
(3227,35,396,4,1,0),
(3228,39,396,12,1,0),
(3229,40,396,1,1,0),
(3230,41,396,2,1,0),
(3231,42,396,1,1,0),
(3232,47,396,3,1,0),
(3233,48,396,1,1,0),
(3234,49,396,1,1,0),
(3235,50,396,1,1,0),
(3236,60,396,1,1,0),
(3237,62,396,1,1,0),
(3238,65,396,1,1,0),
(3239,66,396,1,1,0),
(3240,80,397,1,2,0),
(3241,81,397,1,2,0),
(3242,93,397,1,2,0),
(3243,94,397,8,2,0),
(3244,97,397,1,2,0),
(3245,8,398,1,1,0),
(3246,18,398,1,1,0),
(3247,19,398,1,1,0),
(3248,23,398,1,1,0),
(3249,24,398,1,1,0),
(3250,27,398,1,1,0),
(3251,33,398,1,1,0),
(3252,34,398,1,1,0),
(3253,35,398,4,1,0),
(3254,36,398,1,1,0),
(3255,38,398,1,1,0),
(3256,39,398,6,1,0),
(3257,41,398,4,1,0),
(3258,45,398,1,1,0),
(3259,47,398,1,1,0),
(3260,50,398,1,1,0),
(3261,53,398,1,1,0),
(3262,61,398,1,1,0),
(3263,63,398,2,1,0),
(3264,79,398,1,1,0),
(3265,9,399,1,1,0),
(3266,16,399,1,1,0),
(3267,21,399,1,1,0),
(3268,22,399,1,1,0),
(3269,27,399,1,1,0),
(3270,42,399,2,1,0),
(3271,43,399,1,1,0),
(3272,45,399,1,1,0),
(3273,47,399,1,1,0),
(3274,48,399,1,1,0),
(3275,49,399,1,1,0),
(3276,51,399,1,1,0),
(3277,52,399,1,1,0),
(3278,80,400,1,2,0),
(3279,81,400,2,2,0),
(3280,93,400,2,2,0),
(3281,94,400,32,2,0),
(3282,96,400,1,2,0),
(3283,97,400,2,2,0),
(3284,80,401,1,2,0),
(3285,81,401,1,2,0),
(3286,93,401,3,2,0),
(3287,94,401,24,2,0),
(3288,97,401,1,2,0),
(3289,12,402,1,1,0),
(3290,19,402,1,1,0),
(3291,20,402,1,1,0),
(3292,21,402,1,1,0),
(3293,25,402,1,1,0),
(3294,26,402,1,1,0),
(3295,30,402,3,1,0),
(3296,35,402,4,1,0),
(3297,36,402,1,1,0),
(3298,41,402,5,1,0),
(3299,42,402,1,1,0),
(3300,45,402,2,1,0),
(3301,47,402,2,1,0),
(3302,48,402,1,1,0),
(3303,49,402,1,1,0),
(3304,50,402,1,1,0),
(3305,53,402,1,1,0),
(3306,55,402,1,1,0),
(3307,64,402,1,1,0),
(3308,68,402,1,1,0),
(3309,75,402,1,1,0),
(3310,82,402,1,1,0),
(3311,94,403,16,2,0),
(3312,8,404,1,1,0),
(3313,10,404,1,1,0),
(3314,18,404,1,1,0),
(3315,19,404,1,1,0),
(3316,22,404,1,1,0),
(3317,41,404,2,1,0),
(3318,42,404,1,1,0),
(3319,45,404,2,1,0),
(3320,47,404,2,1,0),
(3321,57,404,1,1,0),
(3322,58,404,1,1,0),
(3323,62,404,1,1,0),
(3324,63,404,2,1,0),
(3325,71,404,1,1,0),
(3326,74,404,1,1,0),
(3327,75,404,1,1,0),
(3328,21,405,1,1,0),
(3329,24,405,1,1,0),
(3330,26,405,1,1,0),
(3331,33,405,1,1,0),
(3332,34,405,1,1,0),
(3333,35,405,4,1,0),
(3334,37,405,1,1,0),
(3335,39,405,12,1,0),
(3336,46,405,1,1,0),
(3337,49,405,1,1,0),
(3338,58,405,1,1,0),
(3339,59,405,1,1,0),
(3340,82,405,1,1,0),
(3341,81,406,2,2,0),
(3342,93,406,1,2,0),
(3343,96,406,1,2,0),
(3344,97,406,2,2,0),
(3345,5,407,1,1,0),
(3346,9,407,1,1,0),
(3347,13,407,1,1,0),
(3348,18,407,1,1,0),
(3349,21,407,1,1,0),
(3350,28,407,1,1,0),
(3351,30,407,3,1,0),
(3352,31,407,1,1,0),
(3353,33,407,1,1,0),
(3354,42,407,1,1,0),
(3355,43,407,1,1,0),
(3356,47,407,3,1,0),
(3357,49,407,1,1,0),
(3358,51,407,1,1,0),
(3359,52,407,1,1,0),
(3360,71,407,1,1,0),
(3361,85,407,1,1,0),
(3362,81,408,1,2,0),
(3363,93,408,2,2,0),
(3364,94,408,12,2,0),
(3365,126,409,1,7,0),
(3366,127,409,1,7,0),
(3367,128,409,1,7,0),
(3368,129,409,1,7,0),
(3369,131,409,1,7,0),
(3370,132,409,3,7,0),
(3371,133,409,2,7,0),
(3372,135,409,2,7,0),
(3373,81,410,1,2,0),
(3374,93,410,1,2,0),
(3375,94,410,16,2,0),
(3376,97,410,1,2,0),
(3377,8,411,1,1,0),
(3378,12,411,1,1,0),
(3379,15,411,1,1,0),
(3380,19,411,1,1,0),
(3381,31,411,2,1,0),
(3382,33,411,2,1,0),
(3383,35,411,4,1,0),
(3384,41,411,4,1,0),
(3385,42,411,3,1,0),
(3386,45,411,2,1,0),
(3387,47,411,2,1,0),
(3388,49,411,1,1,0),
(3389,52,411,1,1,0),
(3390,53,411,1,1,0),
(3391,56,411,1,1,0),
(3392,59,411,1,1,0),
(3393,63,411,2,1,0),
(3394,73,411,1,1,0),
(3395,79,411,1,1,0),
(3396,91,411,1,1,0),
(3397,80,412,1,2,0),
(3398,81,412,1,2,0),
(3399,93,412,3,2,0),
(3400,94,412,24,2,0),
(3401,96,412,1,2,0),
(3402,97,412,2,2,0),
(3403,93,413,1,2,0),
(3404,94,413,24,2,0),
(3405,97,413,1,2,0),
(3406,8,414,1,1,0),
(3407,13,414,1,1,0),
(3408,17,414,1,1,0),
(3409,19,414,2,1,0),
(3410,20,414,1,1,0),
(3411,24,414,2,1,0),
(3412,25,414,1,1,0),
(3413,31,414,3,1,0),
(3414,35,414,6,1,0),
(3415,36,414,1,1,0),
(3416,37,414,2,1,0),
(3417,38,414,1,1,0),
(3418,40,414,1,1,0),
(3419,42,414,3,1,0),
(3420,45,414,2,1,0),
(3421,47,414,4,1,0),
(3422,48,414,1,1,0),
(3423,49,414,1,1,0),
(3424,50,414,1,1,0),
(3425,51,414,1,1,0),
(3426,52,414,1,1,0),
(3427,63,414,2,1,0),
(3428,79,414,1,1,0),
(3429,80,415,1,2,0),
(3430,93,415,3,2,0),
(3431,94,415,24,2,0),
(3432,96,415,1,2,0),
(3433,97,415,2,2,0),
(3434,8,416,1,1,0),
(3435,15,416,1,1,0),
(3436,19,416,2,1,0),
(3437,24,416,1,1,0),
(3438,30,416,3,1,0),
(3439,31,416,3,1,0),
(3440,33,416,1,1,0),
(3441,34,416,1,1,0),
(3442,35,416,4,1,0),
(3443,39,416,6,1,0),
(3444,40,416,1,1,0),
(3445,41,416,3,1,0),
(3446,42,416,2,1,0),
(3447,48,416,1,1,0),
(3448,49,416,1,1,0),
(3449,52,416,1,1,0),
(3450,62,416,1,1,0),
(3451,63,416,2,1,0),
(3452,65,416,1,1,0),
(3453,67,416,1,1,0),
(3454,75,416,1,1,0),
(3455,80,417,1,2,0),
(3456,81,417,2,2,0),
(3457,93,417,1,2,0),
(3458,94,417,24,2,0),
(3459,97,417,1,2,0),
(3460,81,418,1,2,0),
(3461,93,418,2,2,0),
(3462,94,418,16,2,0),
(3463,97,418,1,2,0),
(3464,6,419,1,1,0),
(3465,7,419,1,1,0),
(3466,9,419,1,1,0),
(3467,13,419,1,1,0),
(3468,20,419,1,1,0),
(3469,21,419,1,1,0),
(3470,26,419,1,1,0),
(3471,33,419,1,1,0),
(3472,35,419,4,1,0),
(3473,36,419,1,1,0),
(3474,37,419,1,1,0),
(3475,39,419,3,1,0),
(3476,41,419,4,1,0),
(3477,42,419,1,1,0),
(3478,47,419,3,1,0),
(3479,48,419,1,1,0),
(3480,49,419,1,1,0),
(3481,50,419,1,1,0),
(3482,51,419,1,1,0),
(3483,54,419,1,1,0),
(3484,62,419,1,1,0),
(3485,63,419,2,1,0),
(3486,85,419,1,1,0),
(3487,80,420,1,2,0),
(3488,81,420,1,2,0),
(3489,93,420,4,2,0),
(3490,94,420,24,2,0),
(3491,96,420,1,2,0),
(3492,97,420,1,2,0),
(3493,7,421,1,1,0),
(3494,18,421,1,1,0),
(3495,22,421,1,1,0),
(3496,23,421,1,1,0),
(3497,30,421,1,1,0),
(3498,31,421,1,1,0),
(3499,33,421,1,1,0),
(3500,38,421,1,1,0),
(3501,39,421,3,1,0),
(3502,40,421,1,1,0),
(3503,41,421,1,1,0),
(3504,43,421,1,1,0),
(3505,45,421,2,1,0),
(3506,46,421,1,1,0),
(3507,52,421,1,1,0),
(3508,85,421,1,1,0),
(3509,10,422,1,1,0),
(3510,19,422,1,1,0),
(3511,24,422,1,1,0),
(3512,25,422,1,1,0),
(3513,34,422,1,1,0),
(3514,35,422,4,1,0),
(3515,39,422,6,1,0),
(3516,41,422,2,1,0),
(3517,42,422,1,1,0),
(3518,47,422,2,1,0),
(3519,49,422,1,1,0),
(3520,50,422,1,1,0),
(3521,52,422,1,1,0),
(3522,56,422,1,1,0),
(3523,67,422,1,1,0),
(3524,85,422,1,1,0),
(3525,80,423,1,2,0),
(3526,94,423,24,2,0),
(3527,129,424,1,7,0),
(3528,130,424,1,7,0),
(3529,132,424,6,7,0),
(3530,135,424,6,7,0),
(3531,136,424,3,7,0),
(3532,81,425,1,2,0),
(3533,93,425,1,2,0),
(3534,94,425,24,2,0),
(3535,97,425,1,2,0),
(3536,9,426,1,1,0),
(3537,10,426,1,1,0),
(3538,12,426,1,1,0),
(3539,14,426,1,1,0),
(3540,16,426,1,1,0),
(3541,18,426,1,1,0),
(3542,21,426,1,1,0),
(3543,25,426,1,1,0),
(3544,26,426,1,1,0),
(3545,33,426,1,1,0),
(3546,34,426,1,1,0),
(3547,41,426,3,1,0),
(3548,42,426,2,1,0),
(3549,43,426,1,1,0),
(3550,45,426,2,1,0),
(3551,47,426,2,1,0),
(3552,52,426,1,1,0),
(3553,73,426,1,1,0),
(3554,79,426,1,1,0),
(3555,81,427,1,2,0),
(3556,94,427,8,2,0),
(3557,96,427,1,2,0),
(3558,97,427,1,2,0),
(3559,8,428,1,1,0),
(3560,13,428,1,1,0),
(3561,19,428,1,1,0),
(3562,21,428,1,1,0),
(3563,22,428,1,1,0),
(3564,26,428,1,1,0),
(3565,31,428,2,1,0),
(3566,35,428,4,1,0),
(3567,38,428,1,1,0),
(3568,39,428,3,1,0),
(3569,41,428,2,1,0),
(3570,42,428,1,1,0),
(3571,45,428,1,1,0),
(3572,47,428,3,1,0),
(3573,49,428,1,1,0),
(3574,53,428,1,1,0),
(3575,59,428,1,1,0),
(3576,60,428,1,1,0),
(3577,61,428,1,1,0),
(3578,62,428,1,1,0),
(3579,63,428,2,1,0),
(3580,82,428,1,1,0),
(3581,81,429,1,2,0),
(3582,93,429,3,2,0),
(3583,94,429,25,2,0),
(3584,7,430,1,1,0),
(3585,20,430,1,1,0),
(3586,21,430,1,1,0),
(3587,33,430,1,1,0),
(3588,41,430,2,1,0),
(3589,42,430,2,1,0),
(3590,46,430,1,1,0),
(3591,47,430,2,1,0),
(3592,48,430,1,1,0),
(3593,59,430,1,1,0),
(3594,63,430,1,1,0),
(3595,9,431,1,1,0),
(3596,15,431,1,1,0),
(3597,19,431,1,1,0),
(3598,22,431,1,1,0),
(3599,23,431,1,1,0),
(3600,24,431,1,1,0),
(3601,25,431,1,1,0),
(3602,28,431,1,1,0),
(3603,30,431,2,1,0),
(3604,33,431,1,1,0),
(3605,35,431,4,1,0),
(3606,37,431,1,1,0),
(3607,38,431,1,1,0),
(3608,40,431,1,1,0),
(3609,41,431,3,1,0),
(3610,42,431,1,1,0),
(3611,43,431,1,1,0),
(3612,45,431,2,1,0),
(3613,47,431,3,1,0),
(3614,49,431,1,1,0),
(3615,50,431,1,1,0),
(3616,52,431,1,1,0),
(3617,63,431,2,1,0),
(3618,65,431,1,1,0),
(3619,81,432,1,2,0),
(3620,93,432,1,2,0),
(3621,94,432,16,2,0),
(3622,97,432,2,2,0),
(3623,5,433,1,1,0),
(3624,8,433,1,1,0),
(3625,12,433,1,1,0),
(3626,19,433,1,1,0),
(3627,24,433,1,1,0),
(3628,33,433,1,1,0),
(3629,34,433,1,1,0),
(3630,35,433,4,1,0),
(3631,41,433,4,1,0),
(3632,42,433,2,1,0),
(3633,47,433,2,1,0),
(3634,48,433,1,1,0),
(3635,49,433,1,1,0),
(3636,50,433,1,1,0),
(3637,51,433,1,1,0),
(3638,52,433,1,1,0),
(3639,57,433,1,1,0),
(3640,58,433,1,1,0),
(3641,63,433,2,1,0),
(3642,79,433,1,1,0),
(3643,82,433,1,1,0),
(3644,80,434,1,2,0),
(3645,81,434,1,2,0),
(3646,94,434,16,2,0),
(3647,80,435,1,2,0),
(3648,81,435,1,2,0),
(3649,93,435,3,2,0),
(3650,94,435,36,2,0),
(3651,96,435,1,2,0),
(3652,97,435,1,2,0),
(3653,7,436,1,1,0),
(3654,18,436,1,1,0),
(3655,22,436,1,1,0),
(3656,25,436,1,1,0),
(3657,30,436,3,1,0),
(3658,31,436,1,1,0),
(3659,33,436,1,1,0),
(3660,35,436,4,1,0),
(3661,39,436,6,1,0),
(3662,40,436,1,1,0),
(3663,41,436,1,1,0),
(3664,49,436,1,1,0),
(3665,52,436,1,1,0),
(3666,53,436,1,1,0),
(3667,62,436,1,1,0),
(3668,66,436,1,1,0),
(3669,68,436,1,1,0),
(3670,5,437,1,1,0),
(3671,8,437,1,1,0),
(3672,10,437,1,1,0),
(3673,19,437,1,1,0),
(3674,20,437,1,1,0),
(3675,21,437,1,1,0),
(3676,24,437,1,1,0),
(3677,26,437,1,1,0),
(3678,29,437,1,1,0),
(3679,31,437,2,1,0),
(3680,33,437,1,1,0),
(3681,36,437,1,1,0),
(3682,38,437,1,1,0),
(3683,40,437,1,1,0),
(3684,41,437,3,1,0),
(3685,42,437,2,1,0),
(3686,45,437,3,1,0),
(3687,46,437,1,1,0),
(3688,47,437,2,1,0),
(3689,48,437,1,1,0),
(3690,49,437,1,1,0),
(3691,50,437,1,1,0),
(3692,59,437,1,1,0),
(3693,65,437,1,1,0),
(3694,71,437,1,1,0),
(3695,73,437,1,1,0),
(3696,75,437,1,1,0),
(3697,76,437,1,1,0),
(3698,78,437,1,1,0),
(3699,91,437,1,1,0),
(3700,92,437,1,1,0),
(3701,19,438,1,1,0),
(3702,33,438,1,1,0),
(3703,34,438,1,1,0),
(3704,35,438,4,1,0),
(3705,41,438,2,1,0),
(3706,42,438,1,1,0),
(3707,47,438,4,1,0),
(3708,49,438,1,1,0),
(3709,52,438,1,1,0),
(3710,63,438,1,1,0),
(3711,79,438,1,1,0),
(3712,8,439,1,1,0),
(3713,13,439,1,1,0),
(3714,21,439,1,1,0),
(3715,22,439,1,1,0),
(3716,39,439,12,1,0),
(3717,41,439,1,1,0),
(3718,42,439,2,1,0),
(3719,43,439,1,1,0),
(3720,50,439,1,1,0),
(3721,51,439,1,1,0),
(3722,52,439,1,1,0),
(3723,66,439,1,1,0),
(3724,8,440,1,1,0),
(3725,10,440,1,1,0),
(3726,17,440,1,1,0),
(3727,18,440,1,1,0),
(3728,19,440,1,1,0),
(3729,21,440,1,1,0),
(3730,24,440,1,1,0),
(3731,25,440,1,1,0),
(3732,26,440,1,1,0),
(3733,31,440,1,1,0),
(3734,35,440,3,1,0),
(3735,41,440,4,1,0),
(3736,47,440,2,1,0),
(3737,62,440,1,1,0),
(3738,63,440,2,1,0),
(3739,78,440,1,1,0),
(3740,140,440,1,1,0),
(3741,81,441,1,2,0),
(3742,93,441,1,2,0),
(3743,94,441,12,2,0),
(3744,96,441,1,2,0),
(3745,97,441,1,2,0),
(3746,141,442,1,1,0),
(3747,142,442,1,1,0),
(3748,143,442,1,1,0),
(3749,18,443,1,1,0),
(3750,19,443,1,1,0),
(3751,21,443,1,1,0),
(3752,22,443,1,1,0),
(3753,30,443,2,1,0),
(3754,33,443,1,1,0),
(3755,34,443,1,1,0),
(3756,35,443,2,1,0),
(3757,38,443,1,1,0),
(3758,42,443,1,1,0),
(3759,47,443,2,1,0),
(3760,49,443,1,1,0),
(3761,55,443,1,1,0),
(3762,56,443,1,1,0),
(3763,59,443,1,1,0),
(3764,63,443,2,1,0),
(3765,74,443,1,1,0),
(3766,82,443,1,1,0),
(3767,80,444,1,2,0),
(3768,81,444,1,2,0),
(3769,93,444,1,2,0),
(3770,94,444,16,2,0),
(3771,97,444,1,2,0),
(3772,9,445,1,1,0),
(3773,23,445,1,1,0),
(3774,24,445,1,1,0),
(3775,33,445,1,1,0),
(3776,36,445,1,1,0),
(3777,37,445,1,1,0),
(3778,39,445,3,1,0),
(3779,40,445,1,1,0),
(3780,41,445,3,1,0),
(3781,44,445,20,1,0),
(3782,46,445,1,1,0),
(3783,48,445,1,1,0),
(3784,49,445,1,1,0),
(3785,50,445,1,1,0),
(3786,12,446,1,1,0),
(3787,18,446,1,1,0),
(3788,20,446,1,1,0),
(3789,24,446,1,1,0),
(3790,25,446,1,1,0),
(3791,28,446,1,1,0),
(3792,33,446,1,1,0),
(3793,35,446,4,1,0),
(3794,39,446,6,1,0),
(3795,41,446,2,1,0),
(3796,42,446,2,1,0),
(3797,45,446,2,1,0),
(3798,47,446,2,1,0),
(3799,48,446,1,1,0),
(3800,52,446,1,1,0),
(3801,66,446,1,1,0),
(3802,142,446,1,1,0),
(3803,143,446,1,1,0),
(3804,81,447,1,2,0),
(3805,93,447,2,2,0),
(3806,95,447,24,2,0),
(3807,97,447,1,2,0),
(3808,8,448,1,1,0),
(3809,9,448,1,1,0),
(3810,10,448,1,1,0),
(3811,15,448,1,1,0),
(3812,19,448,1,1,0),
(3813,21,448,1,1,0),
(3814,22,448,1,1,0),
(3815,35,448,2,1,0),
(3816,41,448,3,1,0),
(3817,43,448,1,1,0),
(3818,44,448,20,1,0),
(3819,47,448,2,1,0),
(3820,49,448,1,1,0),
(3821,50,448,1,1,0),
(3822,51,448,1,1,0),
(3823,52,448,1,1,0),
(3824,53,448,1,1,0),
(3825,57,448,1,1,0),
(3826,59,448,1,1,0),
(3827,62,448,1,1,0),
(3828,63,448,2,1,0),
(3829,73,448,1,1,0),
(3830,79,448,1,1,0),
(3831,7,449,1,1,0),
(3832,14,449,1,1,0),
(3833,16,449,1,1,0),
(3834,18,449,1,1,0),
(3835,21,449,1,1,0),
(3836,22,449,1,1,0),
(3837,24,449,1,1,0),
(3838,25,449,1,1,0),
(3839,26,449,1,1,0),
(3840,30,449,3,1,0),
(3841,31,449,1,1,0),
(3842,33,449,1,1,0),
(3843,34,449,1,1,0),
(3844,35,449,4,1,0),
(3845,38,449,1,1,0),
(3846,39,449,6,1,0),
(3847,41,449,4,1,0),
(3848,42,449,1,1,0),
(3849,45,449,2,1,0),
(3850,49,449,1,1,0),
(3851,51,449,1,1,0),
(3852,52,449,1,1,0),
(3853,58,449,1,1,0),
(3854,65,449,1,1,0),
(3855,82,449,1,1,0),
(3856,140,449,1,1,0),
(3857,144,449,1,1,0),
(3858,80,450,1,2,0),
(3859,81,450,1,2,0),
(3860,93,450,2,2,0),
(3861,94,450,16,2,0),
(3862,95,450,4,2,0),
(3863,96,450,1,2,0),
(3864,97,450,1,2,0),
(3865,13,451,1,1,0),
(3866,19,451,1,1,0),
(3867,28,451,1,1,0),
(3868,31,451,1,1,0),
(3869,33,451,1,1,0),
(3870,41,451,1,1,0),
(3871,42,451,1,1,0),
(3872,45,451,2,1,0),
(3873,47,451,2,1,0),
(3874,48,451,1,1,0),
(3875,49,451,1,1,0),
(3876,59,451,1,1,0),
(3877,61,451,1,1,0),
(3878,63,451,1,1,0),
(3879,67,451,1,1,0),
(3880,75,451,1,1,0),
(3881,141,451,1,1,0),
(3882,142,451,1,1,0),
(3883,143,451,1,1,0),
(3884,8,452,1,1,0),
(3885,9,452,1,1,0),
(3886,10,452,1,1,0),
(3887,21,452,1,1,0),
(3888,22,452,1,1,0),
(3889,25,452,1,1,0),
(3890,31,452,3,1,0),
(3891,33,452,1,1,0),
(3892,34,452,1,1,0),
(3893,35,452,4,1,0),
(3894,39,452,6,1,0),
(3895,40,452,1,1,0),
(3896,41,452,3,1,0),
(3897,42,452,2,1,0),
(3898,44,452,1,1,0),
(3899,47,452,2,1,0),
(3900,50,452,1,1,0),
(3901,52,452,1,1,0),
(3902,53,452,1,1,0),
(3903,54,452,1,1,0),
(3904,56,452,1,1,0),
(3905,63,452,2,1,0),
(3906,79,452,1,1,0),
(3907,80,453,1,2,0),
(3908,81,453,1,2,0),
(3909,93,453,2,2,0),
(3910,94,453,16,2,0),
(3911,96,453,1,2,0),
(3912,97,453,1,2,0),
(3913,5,454,1,1,0),
(3914,12,454,1,1,0),
(3915,20,454,1,1,0),
(3916,21,454,1,1,0),
(3917,31,454,1,1,0),
(3918,33,454,1,1,0),
(3919,34,454,1,1,0),
(3920,35,454,2,1,0),
(3921,38,454,1,1,0),
(3922,41,454,1,1,0),
(3923,42,454,1,1,0),
(3924,46,454,1,1,0),
(3925,49,454,1,1,0),
(3926,52,454,1,1,0),
(3927,59,454,1,1,0),
(3928,62,454,1,1,0),
(3929,66,454,1,1,0),
(3930,67,454,1,1,0),
(3931,70,454,1,1,0),
(3932,71,454,1,1,0),
(3933,73,454,1,1,0),
(3934,142,454,1,1,0),
(3935,8,455,1,1,0),
(3936,18,455,1,1,0),
(3937,19,455,1,1,0),
(3938,21,455,1,1,0),
(3939,22,455,1,1,0),
(3940,23,455,1,1,0),
(3941,26,455,1,1,0),
(3942,33,455,1,1,0),
(3943,35,455,2,1,0),
(3944,37,455,1,1,0),
(3945,38,455,1,1,0),
(3946,39,455,6,1,0),
(3947,40,455,1,1,0),
(3948,41,455,4,1,0),
(3949,42,455,2,1,0),
(3950,44,455,1,1,0),
(3951,47,455,2,1,0),
(3952,48,455,1,1,0),
(3953,49,455,1,1,0),
(3954,50,455,1,1,0),
(3955,63,455,1,1,0),
(3956,140,455,1,1,0),
(3957,142,455,1,1,0),
(3958,93,456,2,2,0),
(3959,94,456,24,2,0),
(3960,95,456,8,2,0),
(3961,96,456,1,2,0),
(3962,13,457,1,1,0),
(3963,19,457,1,1,0),
(3964,24,457,1,1,0),
(3965,25,457,1,1,0),
(3966,30,457,2,1,0),
(3967,31,457,1,1,0),
(3968,35,457,4,1,0),
(3969,41,457,2,1,0),
(3970,42,457,2,1,0),
(3971,45,457,2,1,0),
(3972,47,457,2,1,0),
(3973,49,457,1,1,0),
(3974,52,457,1,1,0),
(3975,53,457,1,1,0),
(3976,59,457,1,1,0),
(3977,60,457,1,1,0),
(3978,62,457,1,1,0),
(3979,65,457,1,1,0),
(3980,66,457,1,1,0),
(3981,79,457,1,1,0),
(3982,85,457,1,1,0),
(3983,142,457,1,1,0),
(3984,81,458,1,2,0),
(3985,93,458,2,2,0),
(3986,94,458,8,2,0),
(3987,97,458,2,2,0),
(3988,19,459,1,1,0),
(3989,21,459,1,1,0),
(3990,22,459,1,1,0),
(3991,24,459,1,1,0),
(3992,25,459,1,1,0),
(3993,30,459,2,1,0),
(3994,31,459,1,1,0),
(3995,35,459,4,1,0),
(3996,36,459,1,1,0),
(3997,37,459,1,1,0),
(3998,39,459,1,1,0),
(3999,41,459,3,1,0),
(4000,42,459,2,1,0),
(4001,43,459,1,1,0),
(4002,45,459,2,1,0),
(4003,46,459,1,1,0),
(4004,47,459,2,1,0),
(4005,48,459,1,1,0),
(4006,49,459,1,1,0),
(4007,50,459,1,1,0),
(4008,52,459,1,1,0),
(4009,53,459,1,1,0),
(4010,59,459,1,1,0),
(4011,62,459,1,1,0),
(4012,63,459,1,1,0),
(4013,65,459,1,1,0),
(4014,66,459,1,1,0),
(4015,69,459,1,1,0),
(4016,75,459,1,1,0),
(4017,79,459,1,1,0),
(4018,142,459,1,1,0),
(4019,7,460,1,1,0),
(4020,8,460,1,1,0),
(4021,15,460,1,1,0),
(4022,21,460,1,1,0),
(4023,31,460,2,1,0),
(4024,34,460,1,1,0),
(4025,35,460,4,1,0),
(4026,41,460,1,1,0),
(4027,42,460,2,1,0),
(4028,47,460,2,1,0),
(4029,82,460,1,1,0),
(4030,91,460,1,1,0),
(4031,143,460,1,1,0),
(4032,80,461,1,2,0),
(4033,93,461,1,2,0),
(4034,94,461,16,2,0),
(4035,97,461,1,2,0),
(4036,81,462,1,2,0),
(4037,93,462,2,2,0),
(4038,94,462,16,2,0),
(4039,97,462,1,2,0),
(4040,5,463,1,1,0),
(4041,7,463,1,1,0),
(4042,18,463,1,1,0),
(4043,19,463,1,1,0),
(4044,20,463,1,1,0),
(4045,21,463,1,1,0),
(4046,22,463,1,1,0),
(4047,25,463,1,1,0),
(4048,26,463,1,1,0),
(4049,28,463,1,1,0),
(4050,33,463,1,1,0),
(4051,34,463,1,1,0),
(4052,35,463,1,1,0),
(4053,38,463,1,1,0),
(4054,39,463,6,1,0),
(4055,40,463,1,1,0),
(4056,41,463,3,1,0),
(4057,42,463,1,1,0),
(4058,45,463,2,1,0),
(4059,49,463,1,1,0),
(4060,50,463,1,1,0),
(4061,52,463,1,1,0),
(4062,56,463,1,1,0),
(4063,58,463,1,1,0),
(4064,59,463,1,1,0),
(4065,60,463,1,1,0),
(4066,62,463,1,1,0),
(4067,63,463,2,1,0),
(4068,64,463,1,1,0),
(4069,66,463,1,1,0),
(4070,68,463,1,1,0),
(4071,140,463,1,1,0),
(4072,94,464,16,2,0),
(4073,96,464,1,2,0),
(4074,80,465,1,2,0),
(4075,93,465,2,2,0),
(4076,94,465,7,2,0),
(4077,97,465,1,2,0),
(4078,8,466,1,1,0),
(4079,21,466,1,1,0),
(4080,25,466,1,1,0),
(4081,30,466,3,1,0),
(4082,31,466,2,1,0),
(4083,33,466,1,1,0),
(4084,35,466,2,1,0),
(4085,41,466,3,1,0),
(4086,42,466,1,1,0),
(4087,47,466,2,1,0),
(4088,48,466,1,1,0),
(4089,49,466,1,1,0),
(4090,52,466,1,1,0),
(4091,53,466,1,1,0),
(4092,55,466,1,1,0),
(4093,59,466,1,1,0),
(4094,63,466,2,1,0),
(4095,73,466,1,1,0),
(4096,79,466,1,1,0),
(4097,142,466,1,1,0),
(4098,143,466,1,1,0),
(4099,10,467,1,1,0),
(4100,12,467,1,1,0),
(4101,19,467,1,1,0),
(4102,21,467,1,1,0),
(4103,22,467,1,1,0),
(4104,26,467,1,1,0),
(4105,28,467,1,1,0),
(4106,30,467,2,1,0),
(4107,34,467,1,1,0),
(4108,35,467,4,1,0),
(4109,41,467,3,1,0),
(4110,42,467,2,1,0),
(4111,44,467,12,1,0),
(4112,45,467,2,1,0),
(4113,47,467,2,1,0),
(4114,52,467,1,1,0),
(4115,64,467,1,1,0),
(4116,65,467,1,1,0),
(4117,92,467,1,1,0),
(4118,125,468,1,7,0),
(4119,126,468,1,7,0),
(4120,127,468,1,7,0),
(4121,132,468,3,7,0),
(4122,133,468,3,7,0),
(4123,135,468,3,7,0),
(4124,136,468,3,7,0),
(4125,139,468,3,7,0),
(4126,24,469,1,1,0),
(4127,35,469,1,1,0),
(4128,41,469,2,1,0),
(4129,43,469,1,1,0),
(4130,47,469,2,1,0),
(4131,49,469,1,1,0),
(4132,61,469,1,1,0),
(4133,142,469,1,1,0),
(4134,143,469,1,1,0),
(4135,81,470,1,2,0),
(4136,93,470,2,2,0),
(4137,94,470,16,2,0),
(4138,96,470,1,2,0),
(4139,97,470,1,2,0),
(4140,18,471,1,1,0),
(4141,21,471,1,1,0),
(4142,22,471,1,1,0),
(4143,27,471,1,1,0),
(4144,33,471,1,1,0),
(4145,35,471,2,1,0),
(4146,36,471,1,1,0),
(4147,38,471,1,1,0),
(4148,39,471,6,1,0),
(4149,40,471,1,1,0),
(4150,42,471,2,1,0),
(4151,52,471,1,1,0),
(4152,62,471,1,1,0),
(4153,63,471,2,1,0),
(4154,75,471,1,1,0),
(4155,77,471,1,1,0),
(4156,85,471,1,1,0),
(4157,7,472,1,1,0),
(4158,8,472,1,1,0),
(4159,21,472,1,1,0),
(4160,23,472,1,1,0),
(4161,25,472,1,1,0),
(4162,31,472,2,1,0),
(4163,33,472,1,1,0),
(4164,34,472,1,1,0),
(4165,38,472,1,1,0),
(4166,41,472,3,1,0),
(4167,42,472,2,1,0),
(4168,44,472,1,1,0),
(4169,45,472,2,1,0),
(4170,47,472,2,1,0),
(4171,48,472,1,1,0),
(4172,49,472,1,1,0),
(4173,50,472,1,1,0),
(4174,51,472,1,1,0),
(4175,52,472,1,1,0),
(4176,57,472,1,1,0),
(4177,63,472,2,1,0),
(4178,77,472,1,1,0),
(4179,82,472,1,1,0),
(4180,142,472,1,1,0),
(4181,143,472,1,1,0),
(4182,80,473,1,2,0),
(4183,81,473,1,2,0),
(4184,93,473,2,2,0),
(4185,94,473,24,2,0),
(4186,96,473,1,2,0),
(4187,97,473,1,2,0),
(4188,21,474,1,1,0),
(4189,22,474,1,1,0),
(4190,24,474,1,1,0),
(4191,25,474,1,1,0),
(4192,35,474,4,1,0),
(4193,39,474,3,1,0),
(4194,42,474,2,1,0),
(4195,49,474,1,1,0),
(4196,50,474,1,1,0),
(4197,51,474,1,1,0),
(4198,53,474,0,1,0),
(4199,79,474,0,1,0),
(4200,9,475,1,1,0),
(4201,10,475,1,1,0),
(4202,10,476,1,1,0),
(4203,13,476,1,1,0),
(4204,19,476,1,1,0),
(4205,30,476,3,1,0),
(4206,41,476,3,1,0),
(4207,46,476,1,1,0),
(4208,56,476,1,1,0),
(4209,59,476,1,1,0),
(4210,77,476,1,1,0),
(4211,5,477,1,1,0),
(4212,8,477,1,1,0),
(4213,17,477,1,1,0),
(4214,18,477,1,1,0),
(4215,19,477,1,1,0),
(4216,21,477,1,1,0),
(4217,22,477,1,1,0),
(4218,26,477,1,1,0),
(4219,33,477,1,1,0),
(4220,34,477,1,1,0),
(4221,35,477,4,1,0),
(4222,38,477,1,1,0),
(4223,39,477,3,1,0),
(4224,41,477,2,1,0),
(4225,42,477,1,1,0),
(4226,44,477,1,1,0),
(4227,47,477,1,1,0),
(4228,48,477,1,1,0),
(4229,49,477,1,1,0),
(4230,52,477,1,1,0),
(4231,63,477,2,1,0),
(4232,81,478,1,2,0),
(4233,93,478,2,2,0),
(4234,94,478,24,2,0),
(4235,97,478,1,2,0),
(4236,12,479,1,1,0),
(4237,15,479,1,1,0),
(4238,17,479,1,1,0),
(4239,21,479,1,1,0),
(4240,24,479,1,1,0),
(4241,25,479,1,1,0),
(4242,28,479,1,1,0),
(4243,30,479,2,1,0),
(4244,33,479,1,1,0),
(4245,35,479,4,1,0),
(4246,36,479,1,1,0),
(4247,39,479,6,1,0),
(4248,40,479,1,1,0),
(4249,41,479,4,1,0),
(4250,42,479,2,1,0),
(4251,43,479,1,1,0),
(4252,44,479,1,1,0),
(4253,45,479,2,1,0),
(4254,48,479,1,1,0),
(4255,49,479,1,1,0),
(4256,53,479,1,1,0),
(4257,59,479,1,1,0),
(4258,62,479,1,1,0),
(4259,71,479,1,1,0),
(4260,73,479,1,1,0),
(4261,77,479,1,1,0),
(4262,79,479,1,1,0),
(4263,82,479,1,1,0),
(4264,142,479,1,1,0),
(4265,143,479,1,1,0),
(4266,96,480,1,2,0),
(4267,97,480,1,2,0),
(4268,93,481,2,2,0),
(4269,94,481,16,2,0),
(4270,97,481,1,2,0),
(4271,8,482,1,1,0),
(4272,9,482,1,1,0),
(4273,10,482,1,1,0),
(4274,17,482,1,1,0),
(4275,18,482,1,1,0),
(4276,19,482,1,1,0),
(4277,21,482,1,1,0),
(4278,22,482,1,1,0),
(4279,24,482,1,1,0),
(4280,25,482,1,1,0),
(4281,26,482,1,1,0),
(4282,33,482,1,1,0),
(4283,34,482,1,1,0),
(4284,35,482,2,1,0),
(4285,38,482,1,1,0),
(4286,39,482,6,1,0),
(4287,41,482,2,1,0),
(4288,42,482,1,1,0),
(4289,44,482,12,1,0),
(4290,45,482,2,1,0),
(4291,46,482,1,1,0),
(4292,47,482,2,1,0),
(4293,52,482,1,1,0),
(4294,63,482,2,1,0),
(4295,77,482,1,1,0),
(4296,142,482,1,1,0),
(4297,143,482,1,1,0),
(4298,11,483,1,1,0),
(4299,18,483,1,1,0),
(4300,19,483,1,1,0),
(4301,20,483,1,1,0),
(4302,21,483,1,1,0),
(4303,22,483,1,1,0),
(4304,26,483,1,1,0),
(4305,30,483,3,1,0),
(4306,31,483,2,1,0),
(4307,33,483,1,1,0),
(4308,35,483,4,1,0),
(4309,37,483,1,1,0),
(4310,39,483,6,1,0),
(4311,40,483,1,1,0),
(4312,41,483,4,1,0),
(4313,42,483,2,1,0),
(4314,44,483,12,1,0),
(4315,45,483,2,1,0),
(4316,47,483,2,1,0),
(4317,48,483,1,1,0),
(4318,49,483,1,1,0),
(4319,50,483,1,1,0),
(4320,51,483,1,1,0),
(4321,52,483,1,1,0),
(4322,62,483,1,1,0),
(4323,64,483,1,1,0),
(4324,65,483,1,1,0),
(4325,77,483,1,1,0),
(4326,142,483,1,1,0),
(4327,143,483,1,1,0),
(4328,8,484,1,1,0),
(4329,38,484,1,1,0),
(4330,41,484,1,1,0),
(4331,42,484,1,1,0),
(4332,44,484,12,1,0),
(4333,47,484,2,1,0),
(4334,59,484,1,1,0),
(4335,77,484,1,1,0),
(4336,82,484,1,1,0),
(4337,92,484,1,1,0),
(4338,140,484,1,1,0),
(4339,5,485,1,1,0),
(4340,7,485,1,1,0),
(4341,10,485,1,1,0),
(4342,18,485,1,1,0),
(4343,19,485,1,1,0),
(4344,21,485,1,1,0),
(4345,24,485,1,1,0),
(4346,25,485,1,1,0),
(4347,30,485,2,1,0),
(4348,33,485,1,1,0),
(4349,34,485,1,1,0),
(4350,35,485,4,1,0),
(4351,38,485,1,1,0),
(4352,41,485,4,1,0),
(4353,42,485,2,1,0),
(4354,44,485,12,1,0),
(4355,47,485,1,1,0),
(4356,48,485,1,1,0),
(4357,49,485,1,1,0),
(4358,50,485,1,1,0),
(4359,52,485,1,1,0),
(4360,53,485,1,1,0),
(4361,58,485,1,1,0),
(4362,59,485,1,1,0),
(4363,63,485,1,1,0),
(4364,73,485,1,1,0),
(4365,77,485,1,1,0),
(4366,79,485,1,1,0),
(4367,85,485,1,1,0),
(4368,91,485,1,1,0),
(4369,140,485,1,1,0),
(4370,80,486,1,2,0),
(4371,81,486,1,2,0),
(4372,93,486,2,2,0),
(4373,94,486,24,2,0),
(4374,95,486,8,2,0),
(4375,96,486,1,2,0),
(4376,97,486,1,2,0),
(4377,7,487,1,1,0),
(4378,9,487,1,1,0),
(4379,21,487,2,1,0),
(4380,22,487,2,1,0),
(4381,23,487,1,1,0),
(4382,34,487,1,1,0),
(4383,35,487,2,1,0),
(4384,39,487,6,1,0),
(4385,41,487,1,1,0),
(4386,49,487,1,1,0),
(4387,52,487,1,1,0),
(4388,55,487,1,1,0),
(4389,56,487,1,1,0),
(4390,57,487,1,1,0),
(4391,58,487,1,1,0),
(4392,68,487,1,1,0),
(4393,13,488,1,1,0),
(4394,14,488,1,1,0),
(4395,25,488,1,1,0),
(4396,26,488,1,1,0),
(4397,33,488,1,1,0),
(4398,41,488,3,1,0),
(4399,42,488,2,1,0),
(4400,43,488,1,1,0),
(4401,44,488,12,1,0),
(4402,46,488,1,1,0),
(4403,47,488,2,1,0),
(4404,52,488,1,1,0),
(4405,59,488,1,1,0),
(4406,66,488,1,1,0),
(4407,85,488,1,1,0),
(4408,8,489,1,1,0),
(4409,12,489,1,1,0),
(4410,16,489,1,1,0),
(4411,18,489,1,1,0),
(4412,19,489,1,1,0),
(4413,21,489,3,1,0),
(4414,22,489,2,1,0),
(4415,24,489,1,1,0),
(4416,33,489,1,1,0),
(4417,35,489,4,1,0),
(4418,38,489,1,1,0),
(4419,39,489,6,1,0),
(4420,40,489,1,1,0),
(4421,41,489,2,1,0),
(4422,42,489,2,1,0),
(4423,44,489,12,1,0),
(4424,45,489,2,1,0),
(4425,46,489,1,1,0),
(4426,47,489,2,1,0),
(4427,48,489,1,1,0),
(4428,49,489,1,1,0),
(4429,50,489,1,1,0),
(4430,53,489,1,1,0),
(4431,59,489,1,1,0),
(4432,62,489,1,1,0),
(4433,63,489,2,1,0),
(4434,79,489,1,1,0),
(4435,142,489,1,1,0),
(4436,143,489,1,1,0),
(4437,80,490,1,2,1),
(4438,81,490,1,2,1),
(4439,93,490,2,2,1),
(4440,94,490,16,2,1),
(4441,96,490,1,2,1),
(4442,97,490,1,2,1),
(4443,91,491,2,1,0),
(4444,140,491,2,1,0);

/*Table structure for table `joinpersontosubaccount` */

DROP TABLE IF EXISTS `joinpersontosubaccount`;

CREATE TABLE `joinpersontosubaccount` (
  `ID` int NOT NULL AUTO_INCREMENT,
  `PersonID` int NOT NULL,
  `SubAccountID` int NOT NULL,
  PRIMARY KEY (`ID`),
  KEY `SubAccountPerson` (`PersonID`),
  KEY `PersonSubAccount` (`SubAccountID`),
  CONSTRAINT `PersonSubAccount` FOREIGN KEY (`SubAccountID`) REFERENCES `subaccount` (`SubAccountID`),
  CONSTRAINT `SubAccountPerson` FOREIGN KEY (`PersonID`) REFERENCES `person` (`PersonID`)
) ENGINE=InnoDB AUTO_INCREMENT=34 DEFAULT CHARSET=latin1;

/*Data for the table `joinpersontosubaccount` */

insert  into `joinpersontosubaccount`(`ID`,`PersonID`,`SubAccountID`) values 
(1,1,1),
(2,4,1),
(3,5,1),
(5,16,1),
(6,19,1),
(7,20,1),
(8,21,1),
(9,22,1),
(10,23,1),
(11,24,1),
(12,25,1),
(13,26,1),
(14,27,1),
(15,28,1),
(16,29,1),
(17,30,1),
(18,31,1),
(19,32,1),
(20,33,1),
(21,34,1),
(22,35,1),
(23,36,1),
(24,37,1),
(25,38,1),
(26,39,1),
(27,40,1),
(28,41,1),
(29,42,1),
(30,43,1),
(33,50,1);

/*Table structure for table `joinpricetoitemtoaccount` */

DROP TABLE IF EXISTS `joinpricetoitemtoaccount`;

CREATE TABLE `joinpricetoitemtoaccount` (
  `ID` int NOT NULL AUTO_INCREMENT,
  `PriceID` int NOT NULL,
  `ItemID` int NOT NULL,
  `AccountID` int NOT NULL,
  PRIMARY KEY (`ID`)
) ENGINE=InnoDB DEFAULT CHARSET=latin1;

/*Data for the table `joinpricetoitemtoaccount` */

/*Table structure for table `joinroletoperson` */

DROP TABLE IF EXISTS `joinroletoperson`;

CREATE TABLE `joinroletoperson` (
  `ID` int NOT NULL AUTO_INCREMENT,
  `PersonID` int NOT NULL,
  `RoleID` int NOT NULL,
  PRIMARY KEY (`ID`)
) ENGINE=InnoDB AUTO_INCREMENT=2 DEFAULT CHARSET=latin1;

/*Data for the table `joinroletoperson` */

insert  into `joinroletoperson`(`ID`,`PersonID`,`RoleID`) values 
(1,1,2);

/*Table structure for table `joinsubaccounttotype` */

DROP TABLE IF EXISTS `joinsubaccounttotype`;

CREATE TABLE `joinsubaccounttotype` (
  `JoinID` int NOT NULL AUTO_INCREMENT,
  `SubAccountID` int NOT NULL,
  `TypeID` int NOT NULL,
  PRIMARY KEY (`JoinID`)
) ENGINE=InnoDB AUTO_INCREMENT=2 DEFAULT CHARSET=latin1;

/*Data for the table `joinsubaccounttotype` */

insert  into `joinsubaccounttotype`(`JoinID`,`SubAccountID`,`TypeID`) values 
(1,1,1);

/*Table structure for table `joinsuppliertoitem` */

DROP TABLE IF EXISTS `joinsuppliertoitem`;

CREATE TABLE `joinsuppliertoitem` (
  `ID` int NOT NULL AUTO_INCREMENT,
  `SupplierID` int NOT NULL,
  `ItemID` int NOT NULL,
  PRIMARY KEY (`ID`),
  KEY `SupplierKey` (`SupplierID`),
  KEY `SupplierItemKey` (`ItemID`),
  CONSTRAINT `SupplierItemKey` FOREIGN KEY (`ItemID`) REFERENCES `item` (`ItemID`),
  CONSTRAINT `SupplierKey` FOREIGN KEY (`SupplierID`) REFERENCES `supplier` (`SupplierID`)
) ENGINE=InnoDB AUTO_INCREMENT=136 DEFAULT CHARSET=latin1;

/*Data for the table `joinsuppliertoitem` */

insert  into `joinsuppliertoitem`(`ID`,`SupplierID`,`ItemID`) values 
(5,1,5),
(6,1,6),
(7,1,7),
(8,1,8),
(9,1,9),
(10,1,10),
(11,1,11),
(12,1,12),
(13,1,13),
(14,1,14),
(15,1,15),
(16,1,16),
(17,1,17),
(18,1,18),
(19,1,19),
(20,1,20),
(21,1,21),
(22,1,22),
(23,1,23),
(24,1,24),
(25,1,25),
(26,1,26),
(27,1,27),
(28,1,28),
(29,1,29),
(30,1,30),
(31,1,31),
(32,1,32),
(33,1,33),
(34,1,34),
(35,1,35),
(36,1,36),
(37,1,37),
(38,1,38),
(39,1,39),
(40,1,40),
(41,1,41),
(42,1,42),
(43,1,43),
(44,1,44),
(45,1,45),
(46,1,46),
(47,1,47),
(48,1,48),
(49,1,49),
(50,1,50),
(51,1,51),
(52,1,52),
(53,1,53),
(54,1,54),
(55,1,55),
(56,1,56),
(57,1,57),
(58,1,58),
(59,1,59),
(60,1,60),
(61,1,61),
(62,1,62),
(63,1,63),
(64,1,64),
(65,1,65),
(66,1,66),
(67,1,67),
(68,1,68),
(69,1,69),
(70,1,70),
(71,1,71),
(72,1,72),
(73,1,73),
(74,1,74),
(75,1,75),
(76,1,76),
(77,1,77),
(78,1,78),
(79,1,79),
(80,2,80),
(81,2,81),
(82,1,82),
(83,1,83),
(84,1,84),
(85,1,85),
(86,1,86),
(87,1,87),
(88,1,88),
(89,1,89),
(90,1,90),
(91,1,91),
(92,1,92),
(93,2,97),
(94,2,96),
(95,2,95),
(96,2,94),
(97,2,93),
(98,5,98),
(99,6,100),
(100,6,101),
(101,6,102),
(102,6,103),
(103,6,104),
(104,6,105),
(105,6,106),
(106,6,107),
(107,6,99),
(108,5,120),
(109,5,117),
(110,5,118),
(111,5,119),
(112,5,121),
(113,5,122),
(114,5,123),
(115,5,124),
(116,7,125),
(117,7,126),
(118,7,127),
(119,7,128),
(120,7,129),
(121,7,130),
(122,7,131),
(123,7,132),
(124,7,133),
(125,7,134),
(126,7,135),
(127,7,136),
(128,7,137),
(129,7,138),
(130,7,139),
(131,1,140),
(132,1,141),
(133,1,142),
(134,1,143),
(135,1,144);

/*Table structure for table `joinsuppliertoperson` */

DROP TABLE IF EXISTS `joinsuppliertoperson`;

CREATE TABLE `joinsuppliertoperson` (
  `ID` int NOT NULL AUTO_INCREMENT,
  `SupplierID` int NOT NULL,
  `PersonID` int NOT NULL,
  PRIMARY KEY (`ID`),
  KEY `SupplierID` (`SupplierID`),
  KEY `PersonID` (`PersonID`),
  CONSTRAINT `PersonID` FOREIGN KEY (`PersonID`) REFERENCES `person` (`PersonID`),
  CONSTRAINT `SupplierID` FOREIGN KEY (`SupplierID`) REFERENCES `supplier` (`SupplierID`)
) ENGINE=InnoDB AUTO_INCREMENT=9 DEFAULT CHARSET=latin1;

/*Data for the table `joinsuppliertoperson` */

insert  into `joinsuppliertoperson`(`ID`,`SupplierID`,`PersonID`) values 
(1,1,7),
(2,2,8),
(3,3,1),
(4,4,1),
(5,5,13),
(6,6,9),
(8,7,15);

/*Table structure for table `list` */

DROP TABLE IF EXISTS `list`;

CREATE TABLE `list` (
  `ListID` int NOT NULL AUTO_INCREMENT,
  `Name` varchar(256) NOT NULL,
  `SubAccountID` int NOT NULL,
  `OrderBy` int NOT NULL,
  PRIMARY KEY (`ListID`),
  KEY `SubAccountListKey` (`SubAccountID`),
  CONSTRAINT `SubAccountListKey` FOREIGN KEY (`SubAccountID`) REFERENCES `subaccount` (`SubAccountID`)
) ENGINE=InnoDB AUTO_INCREMENT=7 DEFAULT CHARSET=latin1;

/*Data for the table `list` */

insert  into `list`(`ListID`,`Name`,`SubAccountID`,`OrderBy`) values 
(1,'General Order',1,1),
(2,'Alcohol (Tuesday)',1,3),
(4,'Beverage - Sunday',1,2),
(6,'Seafood General',1,4);

/*Table structure for table `masteraccount` */

DROP TABLE IF EXISTS `masteraccount`;

CREATE TABLE `masteraccount` (
  `MasterID` int NOT NULL AUTO_INCREMENT,
  `Name` varchar(256) NOT NULL,
  PRIMARY KEY (`MasterID`)
) ENGINE=InnoDB AUTO_INCREMENT=3 DEFAULT CHARSET=latin1;

/*Data for the table `masteraccount` */

insert  into `masteraccount`(`MasterID`,`Name`) values 
(1,'Benson Restaurants'),
(2,'Woody\'s');

/*Table structure for table `orderrules` */

DROP TABLE IF EXISTS `orderrules`;

CREATE TABLE `orderrules` (
  `OrderRuleID` int NOT NULL AUTO_INCREMENT,
  `PAR` int DEFAULT NULL,
  `ReorderQuantity` int DEFAULT NULL,
  `ReorderPoint` int DEFAULT NULL,
  `ItemID` int NOT NULL,
  `AccountID` int NOT NULL,
  PRIMARY KEY (`OrderRuleID`)
) ENGINE=InnoDB AUTO_INCREMENT=3 DEFAULT CHARSET=latin1;

/*Data for the table `orderrules` */

insert  into `orderrules`(`OrderRuleID`,`PAR`,`ReorderQuantity`,`ReorderPoint`,`ItemID`,`AccountID`) values 
(1,1,NULL,NULL,1,1),
(2,NULL,2,2,2,1);

/*Table structure for table `orders` */

DROP TABLE IF EXISTS `orders`;

CREATE TABLE `orders` (
  `OrderID` int NOT NULL AUTO_INCREMENT,
  `DateTime` datetime NOT NULL DEFAULT CURRENT_TIMESTAMP,
  `SubAccountID` int NOT NULL,
  `SupplierID` int DEFAULT NULL,
  `Closed` int NOT NULL DEFAULT '0',
  `CheckedIn` int NOT NULL DEFAULT '0',
  `PersonID` int NOT NULL DEFAULT '1',
  PRIMARY KEY (`OrderID`),
  KEY `OrderSupplier` (`SupplierID`),
  KEY `OrderSubaccount` (`SubAccountID`),
  KEY `OrderPerson` (`PersonID`),
  CONSTRAINT `OrderPerson` FOREIGN KEY (`PersonID`) REFERENCES `person` (`PersonID`),
  CONSTRAINT `OrdersSupplier` FOREIGN KEY (`SupplierID`) REFERENCES `supplier` (`SupplierID`),
  CONSTRAINT `OrderSubaccount` FOREIGN KEY (`SubAccountID`) REFERENCES `subaccount` (`SubAccountID`)
) ENGINE=InnoDB AUTO_INCREMENT=492 DEFAULT CHARSET=latin1;

/*Data for the table `orders` */

insert  into `orders`(`OrderID`,`DateTime`,`SubAccountID`,`SupplierID`,`Closed`,`CheckedIn`,`PersonID`) values 
(91,'2019-07-11 10:41:47',1,1,1,1,4),
(92,'2019-07-11 10:41:47',1,2,1,1,4),
(93,'2019-07-11 22:58:08',1,2,1,1,4),
(94,'2019-07-12 12:00:16',1,1,1,1,4),
(95,'2019-07-12 21:57:08',1,2,1,1,4),
(96,'2019-07-14 11:37:51',1,5,1,1,5),
(97,'2019-07-14 15:14:08',1,1,1,1,5),
(98,'2019-07-14 15:14:08',1,2,1,1,5),
(99,'2019-07-14 15:15:10',1,6,1,1,5),
(100,'2019-07-18 10:26:50',1,5,1,1,5),
(101,'2019-07-18 10:32:30',1,1,1,1,5),
(102,'2019-07-18 10:32:30',1,2,1,1,5),
(103,'2019-07-18 10:33:51',1,1,1,1,5),
(104,'2019-07-22 12:29:08',1,1,1,1,4),
(105,'2019-07-22 12:29:08',1,2,1,1,4),
(106,'2019-07-22 12:30:50',1,6,1,0,4),
(107,'2019-07-22 12:31:44',1,5,1,0,4),
(108,'2019-07-23 13:58:03',1,1,1,0,5),
(109,'2019-07-23 13:58:03',1,2,1,0,5),
(110,'2019-07-25 14:44:19',1,2,1,0,5),
(111,'2019-07-25 15:21:55',1,1,1,0,5),
(112,'2019-07-25 15:21:55',1,2,1,0,5),
(113,'2019-07-26 14:44:29',1,1,1,0,4),
(114,'2019-07-26 20:00:36',1,2,1,0,4),
(115,'2019-07-29 12:08:10',1,1,1,0,5),
(116,'2019-07-29 12:08:10',1,2,1,0,5),
(117,'2019-07-29 12:09:34',1,6,1,0,5),
(118,'2019-07-30 19:49:59',1,5,1,0,4),
(119,'2019-07-31 14:19:59',1,1,1,0,5),
(120,'2019-07-31 14:19:59',1,2,1,0,5),
(121,'2019-08-02 14:39:18',1,1,1,0,4),
(122,'2019-08-02 21:48:55',1,2,1,0,4),
(123,'2019-08-04 19:43:50',1,1,1,0,5),
(124,'2019-08-07 14:23:46',1,1,1,0,5),
(125,'2019-08-07 14:23:46',1,2,1,0,5),
(126,'2019-08-08 17:13:44',1,2,1,0,5),
(127,'2019-08-09 16:09:41',1,1,1,0,4),
(128,'2019-08-09 19:24:09',1,2,1,0,4),
(129,'2019-08-11 18:12:12',1,1,1,1,5),
(130,'2019-08-11 18:12:12',1,2,1,0,5),
(131,'2019-08-11 18:13:17',1,6,1,0,5),
(132,'2019-08-14 16:42:24',1,5,1,0,4),
(133,'2019-08-15 14:12:59',1,1,1,0,5),
(134,'2019-08-15 14:12:59',1,2,1,0,5),
(135,'2019-08-16 13:19:27',1,1,1,0,4),
(136,'2019-08-16 14:03:33',1,1,1,0,4),
(137,'2019-08-16 21:27:23',1,2,1,0,4),
(139,'2019-08-18 16:30:24',1,1,1,0,5),
(140,'2019-08-18 16:30:24',1,2,1,0,5),
(142,'2019-08-18 16:33:51',1,6,1,0,5),
(143,'2019-08-22 11:34:20',1,1,1,0,5),
(144,'2019-08-22 11:34:20',1,2,1,0,5),
(145,'2019-08-22 11:35:33',1,1,1,0,5),
(146,'2019-08-25 17:04:53',1,1,1,0,4),
(147,'2019-08-25 17:04:53',1,2,1,0,4),
(148,'2019-08-25 17:05:54',1,6,1,0,4),
(149,'2019-08-27 20:27:43',1,2,1,0,4),
(150,'2019-08-29 11:25:19',1,1,1,0,5),
(151,'2019-08-29 11:25:19',1,2,1,0,5),
(152,'2019-08-30 15:51:05',1,1,1,0,4),
(153,'2019-08-30 20:44:16',1,2,1,0,4),
(154,'2019-09-03 15:26:11',1,5,1,0,4),
(155,'2019-09-03 15:31:58',1,1,1,0,4),
(156,'2019-09-03 15:31:58',1,2,1,0,4),
(157,'2019-09-04 16:43:17',1,2,1,0,5),
(158,'2019-09-05 09:19:34',1,1,1,0,5),
(159,'2019-09-06 16:14:23',1,1,1,0,4),
(160,'2019-09-06 20:38:14',1,2,1,0,4),
(161,'2019-09-08 15:09:40',1,1,1,0,5),
(162,'2019-09-10 13:28:04',1,2,1,0,5),
(163,'2019-09-11 13:55:33',1,1,1,0,5),
(164,'2019-09-12 15:39:35',1,1,1,0,5),
(165,'2019-09-12 15:39:35',1,2,1,0,5),
(166,'2019-09-13 15:59:25',1,1,1,0,4),
(167,'2019-09-13 22:05:28',1,2,1,0,4),
(168,'2019-09-17 15:24:51',1,6,1,0,4),
(169,'2019-09-17 15:40:55',1,1,1,0,4),
(170,'2019-09-17 15:40:55',1,2,1,0,4),
(171,'2019-09-19 13:49:52',1,1,1,0,5),
(172,'2019-09-19 13:49:52',1,2,1,0,5),
(173,'2019-09-20 15:10:54',1,1,1,0,4),
(174,'2019-09-20 15:10:54',1,2,1,0,4),
(175,'2019-09-22 16:05:48',1,1,1,0,4),
(176,'2019-09-22 16:05:48',1,2,1,0,4),
(177,'2019-09-26 07:32:25',1,1,1,0,1),
(178,'2019-09-26 12:43:52',1,1,1,0,1),
(179,'2019-09-27 16:03:12',1,1,1,0,4),
(180,'2019-09-29 15:28:51',1,1,1,0,5),
(181,'2019-09-29 15:28:51',1,2,1,0,5),
(182,'2019-09-29 15:30:10',1,6,1,0,5),
(183,'2019-10-01 16:04:28',1,1,1,0,4),
(184,'2019-10-03 12:29:45',1,1,1,0,5),
(185,'2019-10-03 12:29:45',1,2,1,0,5),
(186,'2019-10-06 15:27:45',1,1,1,0,5),
(187,'2019-10-06 15:27:45',1,2,1,0,5),
(188,'2019-10-08 14:29:27',1,5,1,0,4),
(189,'2019-10-10 15:41:25',1,1,1,0,5),
(190,'2019-10-10 15:41:25',1,2,1,0,5),
(191,'2019-10-13 14:17:11',1,1,1,0,5),
(192,'2019-10-13 14:17:11',1,2,1,0,5),
(193,'2019-10-13 14:18:37',1,6,1,0,5),
(194,'2019-10-17 12:12:48',1,1,1,0,5),
(195,'2019-10-17 12:12:48',1,2,1,0,5),
(196,'2019-10-18 16:15:46',1,1,1,0,4),
(197,'2019-10-20 16:24:27',1,1,1,0,5),
(198,'2019-10-20 16:24:27',1,2,1,0,5),
(199,'2019-10-20 16:26:04',1,6,1,0,5),
(200,'2019-10-24 13:46:21',1,1,1,0,5),
(201,'2019-10-24 13:46:21',1,2,1,0,5),
(202,'2019-10-30 14:09:03',1,1,1,0,5),
(203,'2019-10-30 14:09:03',1,2,1,0,5),
(204,'2019-11-01 16:18:57',1,1,1,0,4),
(205,'2019-11-01 20:12:44',1,2,1,0,4),
(206,'2019-11-03 16:38:52',1,1,1,0,5),
(207,'2019-11-03 16:38:52',1,2,1,0,5),
(208,'2019-11-07 16:29:34',1,1,1,0,4),
(209,'2019-11-07 16:29:34',1,2,1,0,4),
(210,'2019-11-10 13:54:32',1,1,1,0,5),
(211,'2019-11-10 13:55:23',1,6,1,0,5),
(212,'2019-11-13 16:36:18',1,1,1,0,4),
(213,'2019-11-13 20:22:46',1,2,1,0,4),
(214,'2019-11-14 13:22:05',1,2,1,0,5),
(215,'2019-11-15 16:08:20',1,1,1,0,4),
(216,'2019-11-17 12:57:29',1,1,1,0,5),
(217,'2019-11-17 12:57:29',1,2,1,0,5),
(218,'2019-11-22 13:54:56',1,1,1,0,4),
(219,'2019-11-23 02:55:49',1,2,1,0,4),
(220,'2019-11-24 14:55:08',1,1,1,0,5),
(221,'2019-11-24 14:55:08',1,2,1,0,5),
(222,'2019-11-27 14:06:38',1,1,1,0,5),
(223,'2019-11-27 14:06:38',1,2,1,0,5),
(224,'2019-11-29 15:22:22',1,1,1,0,4),
(225,'2019-12-04 15:36:30',1,5,1,0,4),
(226,'2019-12-04 16:43:57',1,2,1,0,4),
(227,'2019-12-05 13:14:56',1,1,1,0,5),
(228,'2019-12-06 10:09:12',1,1,1,0,5),
(229,'2019-12-06 20:14:25',1,2,1,0,4),
(230,'2019-12-08 14:22:14',1,1,1,0,5),
(231,'2019-12-11 13:47:57',1,1,1,0,4),
(232,'2019-12-11 13:47:57',1,2,1,0,4),
(233,'2019-12-13 16:47:52',1,1,1,0,4),
(234,'2019-12-13 16:47:52',1,2,1,0,4),
(235,'2019-12-15 11:39:02',1,6,1,0,4),
(236,'2019-12-15 12:15:53',1,1,1,0,5),
(237,'2019-12-18 13:18:21',1,1,1,0,5),
(238,'2019-12-18 13:18:21',1,2,1,0,5),
(239,'2019-12-20 14:12:18',1,1,1,0,5),
(240,'2019-12-20 14:12:18',1,2,1,0,5),
(241,'2019-12-25 19:03:03',1,2,1,0,4),
(242,'2019-12-27 13:54:20',1,1,1,0,4),
(243,'2019-12-27 13:54:20',1,2,1,0,4),
(244,'2019-12-31 10:52:47',1,1,1,0,5),
(245,'2019-12-31 10:52:47',1,2,1,0,5),
(246,'2020-01-03 12:33:24',1,7,1,0,4),
(247,'2020-01-03 16:44:49',1,1,1,0,4),
(248,'2020-01-03 16:44:49',1,2,1,0,4),
(249,'2020-01-08 13:36:42',1,5,1,0,4),
(250,'2020-01-08 13:41:37',1,1,1,0,4),
(251,'2020-01-08 14:37:21',1,1,1,0,4),
(252,'2020-01-10 14:38:48',1,1,1,0,4),
(253,'2020-01-10 14:38:48',1,2,1,0,4),
(254,'2020-01-12 16:20:05',1,1,1,0,5),
(255,'2020-01-15 11:57:47',1,1,1,0,4),
(256,'2020-01-15 11:57:47',1,2,1,0,4),
(257,'2020-01-17 14:05:03',1,1,1,0,4),
(258,'2020-01-17 14:05:03',1,2,1,0,4),
(259,'2020-01-17 14:23:41',1,2,1,0,4),
(260,'2020-01-17 20:52:46',1,6,1,0,4),
(261,'2020-01-19 17:41:21',1,1,1,0,5),
(262,'2020-01-22 15:15:31',1,1,1,0,4),
(263,'2020-01-22 15:15:31',1,2,1,0,4),
(264,'2020-01-23 14:23:29',1,1,1,0,5),
(265,'2020-01-23 14:23:29',1,2,1,0,5),
(266,'2020-01-26 13:03:04',1,1,1,0,5),
(267,'2020-01-26 13:03:04',1,2,1,0,5),
(268,'2020-01-28 16:31:05',1,5,1,0,4),
(269,'2020-01-30 15:23:53',1,1,1,0,5),
(270,'2020-01-30 15:23:53',1,2,1,0,5),
(271,'2020-02-02 14:09:56',1,1,1,0,5),
(272,'2020-02-02 14:09:56',1,2,1,0,5),
(273,'2020-02-03 15:13:21',1,6,1,0,4),
(274,'2020-02-06 15:40:40',1,1,1,0,4),
(275,'2020-02-07 13:33:08',1,2,1,0,5),
(276,'2020-02-09 16:36:04',1,1,1,0,5),
(277,'2020-02-09 16:36:04',1,2,1,0,5),
(278,'2020-02-12 15:18:09',1,1,1,0,4),
(279,'2020-02-12 15:18:09',1,2,1,0,4),
(280,'2020-02-12 15:19:45',1,5,1,0,4),
(281,'2020-02-14 19:19:06',1,1,1,0,4),
(282,'2020-02-14 19:19:06',1,2,1,0,4),
(283,'2020-02-16 16:42:51',1,1,1,0,5),
(284,'2020-02-16 16:42:51',1,2,1,0,5),
(285,'2020-02-18 11:05:48',1,7,1,0,4),
(286,'2020-02-20 13:32:59',1,1,1,0,5),
(287,'2020-02-20 13:32:59',1,2,1,0,5),
(288,'2020-02-21 14:26:18',1,1,1,0,5),
(289,'2020-02-25 13:46:29',1,1,1,0,4),
(290,'2020-02-25 13:46:29',1,2,1,0,4),
(291,'2020-02-27 15:07:14',1,1,1,0,5),
(292,'2020-02-27 15:07:14',1,2,1,0,5),
(293,'2020-03-01 13:49:08',1,1,1,0,5),
(294,'2020-03-01 13:49:08',1,2,1,0,5),
(295,'2020-03-04 15:30:01',1,1,1,0,4),
(296,'2020-03-04 15:30:01',1,2,1,0,4),
(297,'2020-03-06 15:11:27',1,1,1,0,4),
(298,'2020-03-06 15:11:27',1,2,1,0,4),
(299,'2020-03-08 18:30:43',1,1,1,0,5),
(300,'2020-03-08 18:31:20',1,1,1,0,5),
(301,'2020-03-10 11:11:30',1,6,1,0,4),
(302,'2020-03-10 17:31:50',1,2,1,0,4),
(303,'2020-03-11 15:28:10',1,1,1,0,4),
(304,'2020-03-11 15:29:02',1,5,1,0,4),
(305,'2020-03-13 15:15:24',1,2,1,0,4),
(306,'2020-03-15 16:36:35',1,1,1,0,5),
(307,'2020-03-19 17:44:44',1,1,1,0,4),
(308,'2020-03-19 17:44:44',1,2,1,0,4),
(309,'2020-03-22 13:45:16',1,1,1,0,5),
(310,'2020-03-22 13:45:16',1,2,1,0,5),
(311,'2020-03-25 19:12:36',1,1,1,0,4),
(312,'2020-03-25 19:12:36',1,2,1,0,4),
(313,'2020-03-26 17:31:17',1,2,1,0,5),
(314,'2020-03-27 16:11:13',1,1,1,0,4),
(315,'2020-03-29 14:05:49',1,1,1,0,5),
(316,'2020-03-29 14:05:49',1,2,1,0,5),
(317,'2020-04-02 16:58:12',1,1,1,0,4),
(318,'2020-04-02 16:58:12',1,2,1,0,4),
(319,'2020-04-05 13:39:50',1,1,1,0,5),
(320,'2020-04-05 13:39:50',1,2,1,0,5),
(321,'2020-04-08 14:57:43',1,1,1,0,5),
(322,'2020-04-09 14:00:43',1,2,1,0,5),
(323,'2020-04-11 14:40:04',1,7,1,0,4),
(324,'2020-04-11 18:26:01',1,1,1,0,5),
(325,'2020-04-11 18:26:01',1,2,1,0,5),
(326,'2020-04-14 21:13:10',1,2,1,0,4),
(327,'2020-04-16 15:43:57',1,1,1,0,5),
(328,'2020-04-16 15:43:57',1,2,1,0,5),
(329,'2020-04-21 16:09:09',1,1,1,0,4),
(330,'2020-04-21 16:09:09',1,2,1,0,4),
(331,'2020-04-23 15:35:32',1,1,1,0,5),
(332,'2020-04-23 15:35:32',1,2,1,0,5),
(333,'2020-04-26 18:37:55',1,1,1,0,5),
(334,'2020-04-26 18:37:55',1,2,1,0,5),
(335,'2020-04-29 14:09:09',1,1,1,0,4),
(336,'2020-04-30 14:57:51',1,2,1,0,5),
(337,'2020-05-01 18:00:47',1,1,1,0,4),
(338,'2020-05-03 18:13:38',1,1,1,0,5),
(339,'2020-05-03 18:13:38',1,2,1,0,5),
(340,'2020-05-06 10:58:36',1,7,1,0,4),
(341,'2020-05-06 14:08:42',1,1,1,0,4),
(342,'2020-05-06 14:08:42',1,2,1,0,4),
(343,'2020-05-07 17:04:05',1,2,1,0,5),
(344,'2020-05-08 16:26:27',1,1,1,0,4),
(345,'2020-05-10 19:38:14',1,2,1,0,4),
(346,'2020-05-11 12:53:11',1,1,1,0,4),
(347,'2020-05-13 15:41:13',1,1,1,0,4),
(348,'2020-05-13 15:41:13',1,2,1,0,4),
(349,'2020-05-14 15:08:34',1,1,1,0,5),
(350,'2020-05-17 17:58:48',1,1,1,0,5),
(351,'2020-05-19 15:50:41',1,1,1,0,4),
(352,'2020-05-19 15:50:41',1,2,1,0,4),
(353,'2020-05-20 15:44:25',1,1,1,0,4),
(354,'2020-05-22 15:14:20',1,1,1,0,4),
(355,'2020-05-22 15:14:20',1,2,1,0,4),
(356,'2020-05-24 19:15:57',1,1,1,0,5),
(357,'2020-05-24 19:15:57',1,2,1,0,5),
(358,'2020-05-26 15:07:57',1,2,1,0,4),
(359,'2020-05-27 15:20:43',1,1,1,0,4),
(360,'2020-05-28 19:02:37',1,2,1,0,5),
(361,'2020-05-29 15:03:51',1,1,1,0,4),
(362,'2020-06-01 10:32:29',1,1,1,0,4),
(363,'2020-06-03 17:48:56',1,1,1,0,4),
(364,'2020-06-03 17:52:44',1,1,1,0,5),
(365,'2020-06-03 17:52:44',1,2,1,0,5),
(366,'2020-06-04 19:57:40',1,2,1,0,5),
(367,'2020-06-05 16:30:58',1,1,1,0,4),
(368,'2020-06-09 15:19:25',1,1,1,0,4),
(369,'2020-06-11 14:47:25',1,1,1,0,5),
(370,'2020-06-11 14:47:25',1,2,1,0,5),
(371,'2020-06-12 16:19:43',1,1,1,0,4),
(372,'2020-06-14 17:43:21',1,1,1,0,5),
(373,'2020-06-16 18:28:56',1,6,1,0,4),
(374,'2020-06-17 15:48:01',1,1,1,0,4),
(375,'2020-06-17 15:48:01',1,2,1,0,4),
(376,'2020-06-18 15:02:53',1,2,1,0,5),
(377,'2020-06-19 17:19:06',1,1,1,0,4),
(378,'2020-06-21 19:10:33',1,1,1,0,5),
(379,'2020-06-23 19:59:15',1,2,1,0,4),
(380,'2020-06-24 15:45:39',1,1,1,0,4),
(381,'2020-06-25 15:43:36',1,2,1,0,5),
(382,'2020-06-26 15:09:44',1,1,1,0,4),
(383,'2020-06-30 14:09:28',1,1,1,0,4),
(384,'2020-06-30 14:09:28',1,2,1,0,4),
(385,'2020-07-02 14:45:23',1,1,1,0,5),
(386,'2020-07-02 14:45:23',1,2,1,0,5),
(387,'2020-07-07 11:17:43',1,1,1,0,4),
(388,'2020-07-07 11:17:43',1,2,1,0,4),
(389,'2020-07-07 17:05:14',1,7,1,0,4),
(390,'2020-07-10 14:34:40',1,1,1,0,4),
(391,'2020-07-10 14:34:40',1,2,1,0,4),
(392,'2020-07-12 18:04:36',1,1,1,0,5),
(394,'2020-07-14 15:29:18',1,1,1,0,4),
(395,'2020-07-14 15:29:18',1,2,1,0,4),
(396,'2020-07-16 16:27:23',1,1,1,0,4),
(397,'2020-07-16 16:27:23',1,2,1,0,4),
(398,'2020-07-20 13:05:33',1,1,1,0,4),
(399,'2020-07-21 15:48:38',1,1,1,0,4),
(400,'2020-07-21 15:48:38',1,2,1,0,4),
(401,'2020-07-23 15:17:10',1,2,1,0,5),
(402,'2020-07-24 15:37:42',1,1,1,0,4),
(403,'2020-07-24 15:55:31',1,2,1,0,4),
(404,'2020-07-26 18:06:35',1,1,1,0,5),
(405,'2020-07-28 16:11:25',1,1,1,0,4),
(406,'2020-07-28 16:11:25',1,2,1,0,4),
(407,'2020-07-31 16:22:06',1,1,1,0,4),
(408,'2020-07-31 16:22:06',1,2,1,0,4),
(409,'2020-08-04 17:06:17',1,7,1,0,4),
(410,'2020-08-04 20:09:37',1,2,1,0,4),
(411,'2020-08-05 15:12:11',1,1,1,0,4),
(412,'2020-08-06 16:32:48',1,2,1,0,5),
(413,'2020-08-11 19:53:42',1,2,1,0,4),
(414,'2020-08-13 12:56:31',1,1,1,0,5),
(415,'2020-08-13 12:56:31',1,2,1,0,5),
(416,'2020-08-25 15:37:56',1,1,1,0,4),
(417,'2020-08-25 15:37:56',1,2,1,0,4),
(418,'2020-08-28 21:21:45',1,2,1,0,4),
(419,'2020-08-30 19:01:31',1,1,1,0,5),
(420,'2020-09-01 13:08:44',1,2,1,0,4),
(421,'2020-09-02 14:58:25',1,1,1,0,4),
(422,'2020-09-04 14:27:25',1,1,1,0,4),
(423,'2020-09-04 14:27:25',1,2,1,0,4),
(424,'2020-09-04 16:22:26',1,7,1,0,4),
(425,'2020-09-08 18:46:43',1,2,1,0,4),
(426,'2020-09-15 15:41:26',1,1,1,0,4),
(427,'2020-09-15 15:41:26',1,2,1,0,4),
(428,'2020-09-17 14:17:38',1,1,1,0,5),
(429,'2020-09-17 14:17:38',1,2,1,0,5),
(430,'2020-09-20 14:53:56',1,1,1,0,5),
(431,'2020-09-24 12:48:33',1,1,1,0,5),
(432,'2020-09-24 12:48:33',1,2,1,0,5),
(433,'2020-09-29 15:10:40',1,1,1,0,4),
(434,'2020-09-29 15:10:40',1,2,1,0,4),
(435,'2020-09-30 17:19:24',1,2,1,0,4),
(436,'2020-10-02 14:22:42',1,1,1,0,4),
(437,'2020-10-04 17:52:28',1,1,1,0,5),
(438,'2020-10-08 13:12:00',1,1,1,0,5),
(439,'2020-10-09 16:16:17',1,1,1,0,4),
(440,'2020-10-13 13:42:35',1,1,1,0,4),
(441,'2020-10-13 13:42:35',1,2,1,0,4),
(442,'2020-10-13 13:50:23',1,1,1,0,4),
(443,'2020-10-15 14:44:52',1,1,1,0,5),
(444,'2020-10-15 14:57:10',1,2,1,0,5),
(445,'2020-10-16 13:46:03',1,1,1,0,5),
(446,'2020-10-20 14:26:05',1,1,1,0,4),
(447,'2020-10-20 14:26:05',1,2,1,0,4),
(448,'2020-10-23 12:55:12',1,1,1,0,5),
(449,'2020-10-27 16:04:34',1,1,1,0,4),
(450,'2020-10-27 16:04:34',1,2,1,0,4),
(451,'2020-10-30 15:55:51',1,1,1,0,4),
(452,'2020-11-03 15:53:44',1,1,1,0,4),
(453,'2020-11-03 15:53:44',1,2,1,0,4),
(454,'2020-11-06 16:34:30',1,1,1,0,4),
(455,'2020-11-08 19:19:41',1,1,1,0,4),
(456,'2020-11-08 19:19:41',1,2,1,0,4),
(457,'2020-11-12 17:08:45',1,1,1,0,4),
(458,'2020-11-12 17:08:45',1,2,1,0,4),
(459,'2020-11-13 16:48:43',1,1,1,0,4),
(460,'2020-11-19 15:42:55',1,1,1,0,4),
(461,'2020-11-19 15:42:55',1,2,1,0,4),
(462,'2020-11-24 21:01:41',1,2,1,0,4),
(463,'2020-11-25 15:47:24',1,1,1,0,4),
(464,'2020-11-25 15:47:24',1,2,1,0,4),
(465,'2020-12-01 16:56:18',1,2,1,0,4),
(466,'2020-12-02 16:47:30',1,1,1,0,4),
(467,'2020-12-06 18:28:47',1,1,1,0,4),
(468,'2020-12-08 14:33:25',1,7,1,0,4),
(469,'2020-12-09 16:00:49',1,1,1,0,4),
(470,'2020-12-09 16:00:49',1,2,1,0,4),
(471,'2020-12-11 16:08:30',1,1,1,0,4),
(472,'2020-12-16 10:42:38',1,1,1,0,4),
(473,'2020-12-16 10:42:38',1,2,1,0,4),
(474,'2020-12-21 13:24:27',1,1,1,0,4),
(475,'2020-12-22 12:33:02',1,1,1,0,4),
(476,'2020-12-22 16:48:42',1,1,1,0,4),
(477,'2020-12-28 07:58:08',1,1,1,0,4),
(478,'2020-12-28 07:58:08',1,2,1,0,4),
(479,'2021-01-03 12:13:46',1,1,1,0,4),
(480,'2021-01-03 12:13:46',1,2,1,0,4),
(481,'2021-01-07 17:44:28',1,2,1,0,4),
(482,'2021-01-08 16:51:53',1,1,1,0,4),
(483,'2021-01-13 16:55:45',1,1,1,0,4),
(484,'2021-01-15 16:29:16',1,1,1,0,4),
(485,'2021-01-19 16:09:45',1,1,1,0,4),
(486,'2021-01-19 16:09:45',1,2,1,0,4),
(487,'2021-01-22 16:25:29',1,1,1,0,4),
(488,'2021-01-25 07:55:48',1,1,1,0,4),
(489,'2021-01-28 16:22:54',1,1,1,0,4),
(490,'2021-01-28 16:22:54',1,2,1,1,4),
(491,'2021-02-02 21:01:05',1,1,0,0,16);

/*Table structure for table `person` */

DROP TABLE IF EXISTS `person`;

CREATE TABLE `person` (
  `PersonID` int NOT NULL AUTO_INCREMENT,
  `FirstName` varchar(256) NOT NULL,
  `LastName` varchar(256) NOT NULL,
  `address1` varchar(256) DEFAULT NULL,
  `address2` varchar(256) DEFAULT NULL,
  `City` varchar(64) DEFAULT NULL,
  `State` int DEFAULT NULL,
  `Country` int DEFAULT NULL,
  `zip` varchar(16) DEFAULT NULL,
  `Email` varchar(256) NOT NULL,
  `Phone` varchar(256) NOT NULL,
  `CompanyName` varchar(64) DEFAULT NULL,
  `Position` varchar(64) DEFAULT NULL,
  `Website` varchar(256) DEFAULT NULL,
  `Type` int NOT NULL,
  `Carrier` varchar(256) NOT NULL,
  `Password` varchar(256) NOT NULL,
  `Salt` varchar(1024) NOT NULL,
  `active` tinyint unsigned NOT NULL DEFAULT '1',
  `subaccountId` int DEFAULT NULL,
  `PhoneExtension` varchar(256) DEFAULT NULL,
  PRIMARY KEY (`PersonID`)
) ENGINE=InnoDB AUTO_INCREMENT=52 DEFAULT CHARSET=latin1;

/*Data for the table `person` */

insert  into `person`(`PersonID`,`FirstName`,`LastName`,`address1`,`address2`,`City`,`State`,`Country`,`zip`,`Email`,`Phone`,`CompanyName`,`Position`,`Website`,`Type`,`Carrier`,`Password`,`Salt`,`active`,`subaccountId`,`PhoneExtension`) values 
(1,'Hudson','Benson',NULL,NULL,NULL,NULL,NULL,NULL,'hud@porthousegrill.com','4439450920',NULL,NULL,NULL,1,'vzwpix.com','7E43BB3950224074930E8529157742E9876A5B43041C954F0346EDFC547A41FC9DB5E7347D6713AB227CD9AF3A9B76709A11B6AE142B4ADECC199A3E5659D139','9D528617E1E1756CE0352CB9D250E29434D812344A7F5E12A4BF890CE46200580C131D22C23025A597A1AAB5A204B9349C78034FBE6615AFA9D8FDE12496EE5E',1,200,NULL),
(2,'Maxim','Doe',NULL,NULL,NULL,NULL,NULL,NULL,'4439450920@vzwpix.com','5555555555',NULL,NULL,NULL,1,'1','','',1,201,NULL),
(3,'Karen','Aspinwall',NULL,NULL,NULL,NULL,NULL,NULL,'4435530178@vzwpix.com','4435530178',NULL,NULL,NULL,1,'1','','',1,201,NULL),
(4,'Kelly','Benson',NULL,NULL,NULL,NULL,NULL,NULL,'4433504488@vzwpix.com','4433504488',NULL,NULL,NULL,1,'vzwpix.com','C59E9CA056B2C6E55F602146B1B33D001742708BCF192E9FCEA970B9B7131A5796DCCBF2DB4131266B8C3BC7494A7C55ED6697977E160C029A3FA83D20C3ED14','A200CEAC7A3EF9E0EFA2F67529E497445A027C5AEB8F09773E7ED5FD491768BEF1350ADD34205115E7D1077A1369316A72FE00CF22879A2D54EFA18BB30A0AFA',1,200,NULL),
(5,'Ashley','Boyd','','','',1,1,'','archana@gmail.com','4435538573','','','',2,'vzwpix.com','FCB3CAA55E5F029A02C1FE8EA3829AAD6DA447562D9BA764D915EE3C58442B6138A50CA510444A135FC50192B18FF021225927703138A3D229195A61EEADCBB7','5E04DCE385A50537EABA0171184351DFC24BB0218FE091A7D4E2FDFA9C601060C647BB499225B4A20F5CE1E21110ECE47CDCF0D667517920555986987FFB18D5',1,200,NULL),
(7,'Tiffany ','Shannon',NULL,NULL,NULL,NULL,NULL,NULL,'tshannon@legacyfoodsgroup.com','4437524262',NULL,NULL,NULL,3,'vzwpix.com','BFCA99D4FCB6111E93E0FDBF774F7BC39AE3EB13A1A071F35389E781A2DCF4C414061E669F66BF55C847D7C90090BD906F514DC31FEC70F42D688D2126DA1F60','24F22AF5ACE069C3CF72CA96D38525294C35076CCBE4D0D11906B063AA7F7A3606BA6903EDF3C78149D56F9171C8BC22C4B94FB1F1BA0B36F9A767407DF7A706',1,201,NULL),
(8,'Steve ','Holt',NULL,NULL,NULL,NULL,NULL,NULL,'Steve@harborhouseseafood.com','4435211611',NULL,NULL,NULL,3,'vzwpix.com','7281A6820B9DAAE404C2B8970FAFE57230933E9B24CDFDA33808707DE9DBD3BB02C35507C411730408A4EAC0E976684736FC051B82CEE78A2D0523C0FFDCE7D4','7495DDAEDE0D6ED120DEF587F53185D1E2FD466DBCE4F7A7BB2090F4135CF3C1D7FA3A3CF8F6975219EFB7926F4CC7E14AB86B2D020C416C306EB6007EDF2DF5',1,201,NULL),
(9,'Ty','Marquess',NULL,NULL,NULL,NULL,NULL,NULL,'customer.care@ccbcc.com','4105335918',NULL,NULL,NULL,3,'vzwpix.com','75D8F967BC74C0FB5EDC1539080BB2E926D88739055333AC468C978762ABB6185AF7CC2134E827AB04D3704C1456E6D6AEAA320D54ACE3877D79FD65720FA533','DFE4467D8F3FEC759E8A82EC08E2EE7202AAC5DAE6602A1C70396A52DEEA8B1F9500E6CB74918745803EA7AF7EE5E84152B77EC7C15D99BF29FF58E71CC9B3FA',1,201,NULL),
(10,'Sales','Team',NULL,NULL,NULL,NULL,NULL,NULL,'deorders@hypointfarms.com','8007841414',NULL,NULL,NULL,3,'vzwpix.com','1E75CBA6CDB9750AC243F231A0A74E0D20D063519096F288632F006DA826987A5F8D98D16AAF2EA36C8BF8ADD57EA2B363B76C3F08170373145BC1609FF459D8','ABD263B8370ABE036230960E8E09A1BC6EA2AEF8FCD5A6EC40E8D4C535A14E1B64B9D252A2A722EF90699EF7DB9E710D8C22DF80A823F44C674C3C41CE12BF5B',1,201,NULL),
(13,'Mark','Iacoboni','','','',1,1,'','ajiacoboni@gmail.com','','','','',2,'vzwpix.com','1A715623E168220585030F866341910122C365D14E2555F3D57D36C7B397F7D8909F592C8929759A408A2C7479FAA7626D0DB5318BB84F15B4DBFF2D4C37BED5','2241A2693102F3EDD281D3E289BE101FA3383FDEE908EE869D6048710533357BDF465B89DA142D1CD04583B5171C7EBC692B2E76EE3CEB3E173EAAD982082CC1',1,200,NULL),
(15,'Matt','Black',NULL,NULL,NULL,NULL,NULL,NULL,'mjblack@breakthrubev.com','443-866-3607',NULL,NULL,NULL,3,'','','',1,201,NULL),
(16,'Mohan','Duggi',NULL,NULL,NULL,NULL,NULL,NULL,'mohan@infoane.com','',NULL,NULL,NULL,1,'vzwpix.com','CF36FCFB901A1D0E60EC9B7B8A1763EF26864050656B90204C244427C8DE3AA00BEEB08FBA5AD9F204A0FB60E1D69D3431DEA7AC1749EC27C1FB8CDD510D7C28','A23A4D2975A0AC40B96CDB35715EDDD727C0E785ED03D5795AB0F3E2196F8EB2982A89106F7934C67A9306B34EC5CDFB800E2C29BE7F80C04337FDE82763623B',1,200,NULL),
(17,'Jackson','mark','','','',2,1,'','anagarajan1@infoane.com','','','','',2,'vzwpix.com','83AF8621855F8785C9ACB9500C2E967C72FF571EFD167052F9312D03DDCA007BF95FEF72190AA15A8214FE052D372728814178124B92EE49E1DCE3451C827851','84559A31BFD1AA8B577EEA3793D0A960704D83A362BC1327D7D052886D0790D5100159E184F8828585CBBFBFEB0059E65615D80A44C9BE64A258F1A01F688953',1,200,NULL),
(18,'are','asdf','','','',1,1,'','archana@infoane.com','','','','',2,'vzwpix.com','E0D3E0187D49A724CF3524CFD30748F66F2E3E20D013A22A637283B57679983BC97817856509A912AFDFAC6C65B4E6850D0F7411872B96CBD28E7CBE523BE231','72938EF7ED7E9B154CCD77219FCE9C9784C6F0C464A4DA50E51231BCF7BBC095F0145B9D9767FCB98D8AA5F468B0BC57541AF7B1F048ED86E6F4E637C035E9DB',1,203,''),
(19,'Archana','Nagraja','','','',1,1,'','anagarajan@infoane.com','','','','',2,'mms.att.net','9A0A6855B1F6376833C51C6B6952A7A64F4E0633C2689B82EE86542E3C265D87675D13D0095A8119839BB0577841084DFA81ABB3855A8FD68C4AE1883CA4E805','E8D9394B0AF9C34CCAB07C1A3711A53723768F0B0978586BA5059E436E09FED4A6030F49644E0EFC94E56E416145AA72062B031C8C5F51A3B9B76CB73924C02F',1,1,''),
(20,'chris','lynn','denos street','','newYork',32,1,'100005','sk@gmail.com','787878787','','','',2,'vzwpix.com','AC3A2940B5AB4F1D83F4CEA5466665497A2A4C8A18D9E3811A2DD948FC46B88731E1CE4CD1001415E590712B7B9B650297FDD8BE856F1BFEF9283B7A499A1425','7863367ED34AE10F6EA04A51B99E48E1D7577FFFF0D36C7CFD0EED26F13C95332533CF613AF0EA6EB02562D926128F80127B3A94078244A16D4CCD6C04483CF2',1,200,NULL),
(21,'public user','asdf','','','',1,1,'','puser@infoane.com','','','','',2,'vzwpix.com','E4CCB5A955B681DEAAB7B33774B39B3AD83A771FB7656F2FBC481AC374A5DFD80F5F2F20679D352C9894AE131ECB6EBC1D9BD6A2382A95117B537AC32E4F3D44','A664E92E76B0B1A77A17B891A6A78D542067E53DF8B5AD1E9DA6A4BB18216FD59DCA16E42EC255897BC6CF141ABD69ED0B8950AFE54A5FAA3DF669691BDDE774',0,200,NULL),
(22,'stephen','carl','vally steert 900-1-2','','',1,1,'','sk@yahoo.com','9789761897','','','',2,'vzwpix.com','4CC334444EEE5259307FD485FDA9AF7C2DEC311667FE34F6F90246600AF32DB49E9E16AFE8350A86EB535FD8BD9CF422F3FB1FEC08C8FF87404A3602481F6448','42F2EB649E2443D8A96D0061F54BF95C406114DA4D989EC7995CE23A05845C60970F9F43D911E9CFB1F91E77417634CA7A6ED727CEABC41AD60686834345C96C',1,200,NULL),
(23,'Dawid','Wyne','','','',1,1,'','david@gmail1.com','','','','',2,'vzwpix.com','4E953DDE9F1D628D6DCDF24552FB05E381209C8F2D8B1FA5A19479EDAA39A70F380CF79F2A0F2E56016EAE5CEC060758B229C21A7E8C75AE924376954132EB16','40ECA07FC5E992A2D228876FE2F5F4D4BFF196A544DA7A5DCC1BD0D335AF569FA934BF27E075127AFCB465ED026571291978C0392D29797A48E2EEF5E77EBC4C',0,200,NULL),
(24,'david','warner','','','',1,1,'','warner@gmail1.com','','','','',2,'vzwpix.com','9B1C92DFCBD014AEFC3F95883AB922B200702D372BACD86CF28D031BDF216CD31EBE970BCF56C0E4499D14E14F8889D3C5B56812C3161DB63FD1E08D0A19D484','2BE12875D140BC2D3C6498E44E9067CF6CCA267897F935D31FFC3F207B4B634493B4A4BF2CBEF0D1806B83A38C7290B47C5E846A4A36B2CE8E1DB359611232F9',0,200,NULL),
(25,'mark','T','','','',1,1,'','mark@gmail1.com','','','','',2,'vzwpix.com','F4C55F210ED0BF408CB28D11DCAEAC88DE988BFC43C218C1762C8CCE72620A71A826BD990F680B79EC34379BBB5FE46588DA7BA8D34FF63BAE803E4231E16332','6322C74E1E2728B9A257A04CFDA3124F9DB166E5D2A15737FC44E4621614BA4F3E9D8988B1DC2DEC5DF049CEBECB573D3C5E1514D56A430EDDE629E55BE710BB',0,200,NULL),
(26,'Test','T','','','',1,1,'','test@gmail1.com','','','','',2,'vzwpix.com','88DAB43206651829EB4D8C04CF0F75A0E0E3519D1A4CFFF78CACFCDCB5395CBBD0051FFD2F12DB318222C20400A244BAA6B8CFFB010332BAA8999CA624855141','F6C2B07574202CD99D76F953B3498C0657F3D6744F30E145105504A0D336D0BFAFA3F67A4E0F435CB6027B94EDE48E1674E50FFC8CF11E0E44523EB5A52BED39',0,200,NULL),
(27,'Joseph','T','','','',1,1,'','T@gmail1.com','','','','',2,'vzwpix.com','3F574DB2A44AAB191367B2183FC17C1B7C2D7D493FA2BA8358CEEA07D3A2D99A09323875F75C4629A70130526D9CE4DC1B24E4F63D3DD0514E8EBF4A9FD25CA6','C0A0D38D133A43923078CC6569F0CE2FA13572787E630997B9770969166A83BF765509068636555C217046413521B4FFEF8540C2559C2C2AFDC2DE0D7771B7FC',0,200,NULL),
(28,'karan','k','','','',1,1,'','karan@gmail1.com','','','','',2,'vzwpix.com','9A5C9E1BEB94754B86453F2B92D8803FB24E32C8B375723DB39709D0F774988DC2929F3FE7E5BF954AC99AB9C80F161BAB2E5B6A56CBD549DE7663E20CEF00D5','3BE4C6773D61F5AFE0C4C9A29ABA2F264D2EE40FA3E830DD5AACE58239F162093CDD04B5FBDF9BEC4CB3E85ABD50F5EE05E4A827AEB310035AA6D037011D06C2',0,200,NULL),
(29,'sami','nadel','','','',1,1,'','sami@gmail1.com','','','','',2,'vzwpix.com','EEDCF9C5464269AE44F9B09FADEAC82BD7C7A7A5A1179B305F6932732F76B0A69E1E4E011FECC3CEEAC070A9A14FF57006502848515B951B8B537186DCFAEDCE','2D0804465470F2B47E779B1A1ABDB8CE41F2A054761379D2AF50A8FDE34A1120AFF19C4291D7D09BC39C3221D0CB2A7E83F073D72DB3549C143B0300E1DB15CF',0,200,NULL),
(30,'Johnson','krev','','','',1,1,'','krev@yahoo1.com','','','','',2,'vzwpix.com','CB04A10C41BC21F90C793E5B3B6F257BD895E2E0414AA33AAD97E27D0EF0E3EC983F096EB990EF437ED822584089B8A72F23DDBEEE8FC972DC8F4C0E87237365','BD44CD27E90ADD62CB43A468DC395A0977F35AB1064D46AB30F3EF13307A7E2F9D3DC242F966FAEBA2076498833DB337DA6BCBADA5F9B4CD2DF7D0135957A362',0,200,NULL),
(31,'Test','y','','','',1,1,'','testy@gmail1.com','','','','',2,'vzwpix.com','B0F65F054EB599157BFDD03C0EED7A5FCDA00DC6E5FA86672C4DCD397AE46A6BDFD2CBEF0DD66EFBF9B0863DE6E45A2EA4E30834F5DBE35EB289ACAE24CCC073','76AB27DDF9A9368F5A7A53F9263B64B1FFEB4120413CFD7F1271D6B2B49BCE6BAC19082FB3181FC8B5A1689A6460FB1876B778E15700AC8BB3515B9CAE51C956',0,200,NULL),
(32,'testuser','testuser','','','',1,1,'','resr@adsf.asdf','','','','',2,'vzwpix.com','74E4CD47B7E000E12A6433C602FEC697A234C76D778E20BB2E0E87BAC76E9D8F95F08282477A8C9337EBF2DBF70E6CFFA3EA02B045DA0EE54B425B8CF407B0D7','7FF40442F04E462FE8F1418AB1B969CE2286BE8C67C5C0DA9C3EFE315E3341E9CA55B6337BD07A34705D4AA5A3C548C6243BAC62DC192EC83062D53C80D027A5',0,200,NULL),
(33,'testuser','testuser','','','',1,1,'','resr@adsf.asdf','','','','',2,'vzwpix.com','6D69C8F3F2B012E50ED336588B27702D168B4A39A1BFE10F93AD333DD38D78FB307951BDA326D4A1AB54E8B17BD3875AC58B1B9574A9283B4B841B6B114B7151','09995B51F677145FAFBCE181141EC56EBB85B0D9988AD5785B00A06B506DF0B4908B0C3273610539391E23F5B48C3B932ED8584C4F84EC6497B6AAC79937B93D',0,200,NULL),
(34,'James','paul','','','',1,1,'','paul@gmail.com','','','','',2,'vzwpix.com','6449424DB10A0FDBB60F2F70AF1F6410DD0439DB887D4C00D885890683597017A3F545E23A1791B21D9D85D765CEFA5ED8A59F9F52BDC0E7AA4B016B7EBDE59A','9E9CCAB3FF923286F88941CDB00F34A58B043F67BAF9BBEDC8E9B4742F1C86FC74D57464D0C875A005909E8C6BA0B141B7827DA7C400367E161A6E515BBCB253',0,200,NULL),
(35,'paul','Thomson','','','',1,1,'','Thomson@yahoo.com','','','','',2,'vzwpix.com','B934E3FE2B825C0E46877436B74A578BF3871A02D777ED1946F200EC8E911C50AE00AFF16C0E4FB481B441F483652303531F624368CF04D4471A7589F5113DD2','56F00DEBD2DAF0A291DB3FB3B1E669A8CB1DACA4DA12CC1F94F19FD3EFBF47D7F693B7880A62E972848DDBA52C89A900758503CE3F80525056049E1F268EAF67',0,200,NULL),
(36,'test','testt','','','',1,1,'','testt@gmail.com','','','','',2,'vzwpix.com','734C74670934E15D938E9EAB91D804C549AE54BC44DE158AA8265A3B981C41D1C9628CCBF4F8575ACBF8DD818505925075D1F34237BE5BE00F5C0428DC977049','60155FCBEB563252EF4104AD75ED53C4F4D9A1364B59BB95D72DF5D1D0190956A0A566C016CD2CF1B9485E359922F09FDEDFCA12A11A78A9F8A324C1263D4DE3',0,200,NULL),
(37,'Adam','james','','','',1,1,'','james@gmail.com','','','','',2,'vzwpix.com','F20E8F2A92098DE1AD39A574BF9F4F9AB55915F9AA7D27F8CF583B0B4600CC6CA5B1D07306C723CBB73344E70BC8429587E5DC43C209BF5D9C5A882F00CEE54B','47F8DDA98807A8D819A92C22F524AA3611A6113823AEF792F2F12B9EB7D4EC9156025105026FB49138C6087A589BCE6C750DF6A303F30341B721D1267D2A6F5E',0,200,''),
(38,'santhosh','k',NULL,NULL,NULL,NULL,NULL,NULL,'skothagadi@infoane.com','','','','',1,'vzwpix.com','A457DBB7394B37260C8DDFE395CEA1A6AADDB8EC3B078F29FADA932BEA1B48B2048E4C7860DDAC3B6591AB85900F618833FAF994B04B01B1274E15AE62AD9B64','C1C48029DE7E202BF2B28B953ECA9F5BA461409E059BFC2EE4E9E48CF342CD14AE60A8F119AFF866ADD79F2CF515CDF9C532BD1498AAD539EB46616CAB086822',1,200,''),
(39,'Joseph','vijay',NULL,NULL,NULL,NULL,NULL,NULL,'Jk@gmail.com','','','','',2,'vzwpix.com','86F48F51186253C66684C45B19CFE126CAA145DDEA40B6A9E3F8757FB0C05127A1FB3E5B9A2A5C9C21A63C9F81F51187E7588FA1C815F4F500F4E8EE2B9EC6D6','BF3310678768DA98409F6FD2015C3147DDD3064C2C6FB62BF9B3DEA8DF355488FFFBADECDC61AD44E70DCE6435FDB35F66414968B052415BD0BE866C72616ED2',1,200,NULL),
(40,'Robert','karan',NULL,NULL,NULL,NULL,NULL,NULL,'Robert@gmail.com','',NULL,NULL,NULL,2,'vzwpix.com','BACA5396A5D60C832C4265FE5E6AF9A924E524B80F4B524F31B81F9C56294454B39191A8C98FF3469C47E8EB963483C014F2F2A9F58B1E485B439E24FC154A88','D91E2601BAC16C451BD3208D6C89529E0D4134AC700C12C902D0738B52FFEE7CC2A829F023CD4500AAFF0044AC1B24AE635E7D0C04AD61869D1649A32E127819',1,200,NULL),
(41,'alex','hales',NULL,NULL,NULL,NULL,NULL,NULL,'hales@gmail.com','',NULL,NULL,NULL,2,'vzwpix.com','DB398054FC393C8D253BAB19134CB4D27FC9D3486718AE4DE1E9F3EF002B42C2DED95B7C0B75EB521770093CADBF561141FCBC806688DC2A2272BFDBD4BF9AB3','4F19647976BA1002D0D47E72761149C0F262E76F63ED26C1D58DC6CC8AAB3D5E596D76C3494165AB667964C20B878FA1DC75C50440ED99EAAED52ACC10D7C849',1,1,'54789'),
(42,'Jeorge','joseph',NULL,NULL,NULL,NULL,NULL,NULL,'Jeorge@infoane.com','',NULL,NULL,NULL,2,'vzwpix.com','DAE0CA4C86E2709FCF5CF58618385EC31DFB2CF2DF595EF13946C3DA094D41DBDAA198416D94DBE07C8F1A76B81CA52C3310EFFE54BABE3DB83262D1CC9EDD6D','7253FB122C57DB7CB908C979BAAA74CE8545E88BC21D5CB3A7D32A4244C90985A35F796418C5FB903360E754565C4476623BE47A04B1720E324B9893A8460551',1,200,'57897'),
(43,'subbarao','mucharla',NULL,NULL,NULL,NULL,NULL,NULL,'smucharla@infoane.com','',NULL,NULL,NULL,2,'vzwpix.com','2C62DF12B76259F9AD36404CB4253FAABBDE501E87747101830AF2961A8270B28269F99818EEE38F329CD09D06DA1B8FA25C064B45C5202F742D271E9768D88D','F6CD83B0EDB8F726BF9AE26C8FEDD2C4C9678950F975DA83BD98C353E4BA0B51DA529C43DA730E08D24B7C4837BCB8F6A7A6F11133CF88B11DFA46723CB7FCA0',1,1,''),
(44,'raja','mucharla',NULL,NULL,NULL,NULL,NULL,NULL,'subbarao@infoane.com','',NULL,NULL,NULL,2,'vzwpix.com','392703AA53C1CDF6C8DF6B5F85AB9CAAA5D5160B954FC81991342505BD39FB3CDD92672DDBA7F50F72655005FA5528675787AEE2732F49C7BCA8D61F033D620F','97A1A1E92A97F96A489BFE5FFB2FF3D8584A44B4A971C042F7FD54CBE7C67A85C718C363AE7ED1B8CB7E83F8C12CE8DBED62613ADFE8C40255BDADB634DDC2DE',1,201,''),
(45,'subbarao','mucharla',NULL,NULL,NULL,NULL,NULL,NULL,'raja@infoane.com','',NULL,NULL,NULL,2,'vzwpix.com','C338538C0E044A973BD7A77149ABB1D857AE43387BBAAFF3E9BDA3ECCD514EB4750803A45EEA7A6AAE80FC41B5411864E06C09607586053A3BA495AE3B917AA2','17D8AF8F062833C7E76B51ABC513A8B765B3142F30DC310B9D7D5A5BC08343E178DE1CA5ABBB0423161B2768CAFAE45ADB530D6196033F6AF952378EE8D22681',1,202,''),
(46,'raja','mucharla',NULL,NULL,NULL,NULL,NULL,NULL,'r1@infoane.com','',NULL,NULL,NULL,2,'vzwpix.com','E9A7D5C131553058E618482EF244DC2B25C89108CF38DAF2A24CAD71630022AE825A7FAC83391B390E59152EA00D71BABF33CA12E5EB2A2A7FAEAE0E51A26BD4','153F23C6220A362D9FF1CE9172CFB8E64AC27949618BD62DD117F7DBA379969B3F31C049BC82A7014E151A42D412437FD33E5772B180B5338D7DB9629D076E26',1,204,''),
(47,'santhosh123','kothagadi',NULL,NULL,NULL,NULL,NULL,NULL,'123@gmail.com','(478) 946-5489',NULL,NULL,NULL,4,'vzwpix.com','6F055292A94C3623A685FE610FAA07D85AD53E8645C775F5244E84F252E603BFBC09F99B28A2D33DD31FA0343B4FAFBBBBB4D8086AFAEE8997FD9A39D13A63FB','24D0D6AAEB1B5812DF5D875220C9D1FB1E260F2D52F0B1A92A049695BCC13F0143D2894A0D96DF89731A9B78BE2A8A4B613ED375347F6C0D0E28F4279F437ECF',1,202,''),
(48,'123','123',NULL,NULL,NULL,NULL,NULL,NULL,'123i@infoane.com','',NULL,NULL,NULL,2,'vzwpix.com','C17C4BEE223F23530ADB708E760AAC8CEC713F7B6271BDC4EF200E4F0A394D1168F80862FDBABBFD8146B9315D90EEBFBFB8757438CA5CDD0E38F8DCC528E297','5B4126B2DBFE19791DF3C1718FB00387551406BDDD8BECC072A92F6DE6C048D84DAED48916CB2EC878D20AB0D327E346816BE14780DA291DCC31D005AD98759B',1,1,'skothagadi@infoane.com'),
(49,'raj','mucharla',NULL,NULL,NULL,NULL,NULL,NULL,'raj@infoane.com','',NULL,NULL,NULL,2,'vzwpix.com','8A7F32E78F22099482111C24DBFA2D1B30939C4667A8795E43F743A7B102F08D499C6DD10341480537BBA205162A375F71FB2749F0B5E48009204BD15B6C612E','9A054F5A7C52586709ED5D65CF57A97A21F59DB02B1F392FC48BA2D0DA608757E6C71FA5609B920AFDEC07C1AC7966D28AC17622FE62B6C3FC966F7200301D39',1,201,''),
(50,'subaccount','id',NULL,NULL,NULL,NULL,NULL,NULL,'subaccount@infoane.com','',NULL,NULL,NULL,2,'vzwpix.com','AE5FF11D7492F8DEB07A92D93A49FA403EF8448E133EA08E5EEF4F44FC677E6B6D4D754DAB56D59969BD33E45E2B224580AD3B789E49A5695D948960ACE03FA3','9239D8C9D76CD2640ECF96655362C20F8F156B948228B022875156CD1EB27EC29E3049CDC786097AC2555C4467C74BC1E5C809AA03F79E5C835F2EE4F5FAB489',1,1,''),
(51,'santhosh','kothagadi',NULL,NULL,NULL,NULL,NULL,NULL,'skothadi@infoane.com','(478) 946-5489',NULL,NULL,NULL,2,'vzwpix.com','1DB6AA664FAED40563D351D9066A6B0586BB5E8295C0B5FB8B5E76F6F89DF731C193EA44BBF7C42CCE8F8F6E499AF136CBED851451627EADED8BBC268342F43C','EB9D147C3C314FD47316ABF9F1F51FA520411450646B91E3F8EEF481B88DD397D2E27E1EB1EE82FEE5E7792546AF2C42ED026B2F56BD01342579F05501C78CB9',1,202,'');

/*Table structure for table `price` */

DROP TABLE IF EXISTS `price`;

CREATE TABLE `price` (
  `PriceID` int NOT NULL AUTO_INCREMENT,
  `Price` decimal(11,2) NOT NULL,
  `Currency` int NOT NULL,
  `DateTime` datetime NOT NULL DEFAULT CURRENT_TIMESTAMP,
  `SubAccountID` int NOT NULL,
  `ItemID` int NOT NULL,
  PRIMARY KEY (`PriceID`)
) ENGINE=InnoDB AUTO_INCREMENT=2 DEFAULT CHARSET=latin1;

/*Data for the table `price` */

insert  into `price`(`PriceID`,`Price`,`Currency`,`DateTime`,`SubAccountID`,`ItemID`) values 
(1,1.75,1,'2019-04-15 11:48:24',1,1);

/*Table structure for table `roles` */

DROP TABLE IF EXISTS `roles`;

CREATE TABLE `roles` (
  `RoleID` int NOT NULL AUTO_INCREMENT,
  `Name` varchar(256) NOT NULL,
  PRIMARY KEY (`RoleID`)
) ENGINE=InnoDB AUTO_INCREMENT=5 DEFAULT CHARSET=latin1;

/*Data for the table `roles` */

insert  into `roles`(`RoleID`,`Name`) values 
(1,'Super Admin'),
(2,'Buyer'),
(3,'Seller'),
(4,'Business Admin');

/*Table structure for table `state` */

DROP TABLE IF EXISTS `state`;

CREATE TABLE `state` (
  `state_id` int unsigned NOT NULL AUTO_INCREMENT,
  `name` varchar(64) DEFAULT NULL,
  `countryid` int DEFAULT NULL,
  `stateCode` varchar(16) DEFAULT NULL,
  PRIMARY KEY (`state_id`)
) ENGINE=InnoDB AUTO_INCREMENT=51 DEFAULT CHARSET=utf8;

/*Data for the table `state` */

insert  into `state`(`state_id`,`name`,`countryid`,`stateCode`) values 
(1,'Alabama',1,'AL'),
(2,'Alaska',1,'AK'),
(3,'Arizona',1,'AZ'),
(4,'Arkansas',1,'AR'),
(5,'California',1,'CA'),
(6,'Colorado',1,'CO'),
(7,'Connecticut',1,'CT'),
(8,'Delaware',1,'DE'),
(9,'Florida',1,'FL'),
(10,'Georgia',1,'GA'),
(11,'Hawaii',1,'HI'),
(12,'Idaho',1,'ID'),
(13,'Illinois',1,'IL'),
(14,'Indiana',1,'IN'),
(15,'Iowa',1,'IA'),
(16,'Kansas',1,'KS'),
(17,'Kentucky',1,'KY'),
(18,'Louisiana',1,'LA'),
(19,'Maine',1,'ME'),
(20,'Maryland',1,'MD'),
(21,'Massachusetts',1,'MA'),
(22,'Michigan',1,'MI'),
(23,'Minnesota',1,'MN'),
(24,'Mississippi',1,'MS'),
(25,'Missouri',1,'MO'),
(26,'Montana',1,'MT'),
(27,'Nebraska',1,'NE'),
(28,'Nevada',1,'NV'),
(29,'New Hampshire',1,'NH'),
(30,'New Jersey',1,'NJ'),
(31,'New Mexico',1,'NM'),
(32,'New York',1,'NY'),
(33,'North Carolina',1,'NC'),
(34,'North Dakota',1,'ND'),
(35,'Ohio',1,'OH'),
(36,'Oklahoma',1,'OK'),
(37,'Oregon',1,'OR'),
(38,'Pennsylvania',1,'PA'),
(39,'Rhode Island',1,'RI'),
(40,'South Carolina',1,'SC'),
(41,'South Dakota',1,'SD'),
(42,'Tennessee',1,'TN'),
(43,'Texas',1,'TX'),
(44,'Utah',1,'UT'),
(45,'Vermont',1,'VT'),
(46,'Virginia',1,'VA'),
(47,'Washington',1,'WA'),
(48,'West Virginia',1,'WV'),
(49,'Wisconsin',1,'WI'),
(50,'Wyoming',1,'WY');

/*Table structure for table `subaccount` */

DROP TABLE IF EXISTS `subaccount`;

CREATE TABLE `subaccount` (
  `SubAccountID` int NOT NULL AUTO_INCREMENT,
  `Name` varchar(256) NOT NULL,
  `Address1` varchar(256) NOT NULL,
  `Address2` varchar(256) NOT NULL,
  `City` varchar(256) NOT NULL,
  `State` varchar(256) NOT NULL,
  `Zip` varchar(256) NOT NULL,
  `Country` varchar(256) NOT NULL,
  `Active` tinyint unsigned NOT NULL DEFAULT '1',
  `accountId` int DEFAULT NULL,
  PRIMARY KEY (`SubAccountID`)
) ENGINE=InnoDB AUTO_INCREMENT=3 DEFAULT CHARSET=latin1;

/*Data for the table `subaccount` */

insert  into `subaccount`(`SubAccountID`,`Name`,`Address1`,`Address2`,`City`,`State`,`Zip`,`Country`,`Active`,`accountId`) values 
(1,'Port House Grill','15 N Main St','','North East','MD','21901','US',1,1),
(2,'Tacos and Tequila','16 S Main St','','North East','MD','21901','US',1,2);

/*Table structure for table `supplier` */

DROP TABLE IF EXISTS `supplier`;

CREATE TABLE `supplier` (
  `SupplierID` int NOT NULL AUTO_INCREMENT,
  `Name` varchar(256) NOT NULL,
  `Address1` varchar(256) NOT NULL,
  `Address2` varchar(256) NOT NULL,
  `City` varchar(256) NOT NULL,
  `State` varchar(256) NOT NULL,
  `Zip` varchar(256) NOT NULL,
  `Country` varchar(256) NOT NULL,
  PRIMARY KEY (`SupplierID`)
) ENGINE=InnoDB AUTO_INCREMENT=8 DEFAULT CHARSET=latin1;

/*Data for the table `supplier` */

insert  into `supplier`(`SupplierID`,`Name`,`Address1`,`Address2`,`City`,`State`,`Zip`,`Country`) values 
(1,'Amrein','Main St','','Joppa','MD','21900','US'),
(2,'Harbor House','Second Ave','','Jessup','MD','21111','US'),
(3,'Wells Meats','First Ave','','Philadelphia','PA','19987','US'),
(4,'Galvinell','Main St','','Conowingo9','MD','21131','US'),
(5,'Northeast Beverage','','','North East','MD','21901','US'),
(6,'Coca Cola Consolidated','','','','','',''),
(7,'Breakthru Beverage','1413 Tangier Drive','','Middle River','MD','21220','US');

/*Table structure for table `units` */

DROP TABLE IF EXISTS `units`;

CREATE TABLE `units` (
  `UnitID` int NOT NULL AUTO_INCREMENT,
  `Name` varchar(256) NOT NULL,
  PRIMARY KEY (`UnitID`)
) ENGINE=InnoDB AUTO_INCREMENT=3 DEFAULT CHARSET=latin1;

/*Data for the table `units` */

insert  into `units`(`UnitID`,`Name`) values 
(1,'Piece'),
(2,'Case');

/* Function  structure for function  `fngetBusinees` */

/*!50003 DROP FUNCTION IF EXISTS `fngetBusinees` */;
DELIMITER $$

/*!50003 CREATE DEFINER=`root`@`localhost` FUNCTION `fngetBusinees`(varbusinessid INT) RETURNS varchar(100) CHARSET utf8
    DETERMINISTIC
BEGIN
DECLARE bname VARCHAR(100);
  CALL SP_businessName(varbusinessid, '', bname);
  RETURN bname;
END */$$
DELIMITER ;

/* Function  structure for function  `function_businessnames` */

/*!50003 DROP FUNCTION IF EXISTS `function_businessnames` */;
DELIMITER $$

/*!50003 CREATE DEFINER=`root`@`localhost` FUNCTION `function_businessnames`(varbusinessid INT, varBusinessname varchar(100)) RETURNS varchar(100) CHARSET utf8
    DETERMINISTIC
BEGIN
  DECLARE bname VARCHAR(100);
  DECLARE pbname VARCHAR(100);
  DECLARE bid INT;
   SELECT distinct businessname,IFNULL(parentbusinessid,0) INTO bname,bid FROM `OrderTracker`.`Business` WHERE businessid=varbusinessid and active=1 limit 1;
   set bname = concat(varBusinessname,bname);
   IF bid != 0  THEN        
	SELECT function_businessnames(bid,bname) INTO bname;
   END IF;
  RETURN bname;
END */$$
DELIMITER ;

/* Procedure structure for procedure `SP_businessName` */

/*!50003 DROP PROCEDURE IF EXISTS  `SP_businessName` */;

DELIMITER $$

/*!50003 CREATE DEFINER=`root`@`localhost` PROCEDURE `SP_businessName`(varbusinessid INTEGER, blist VARCHAR(100), OUT parentname VARCHAR(100))
BEGIN	

	DECLARE bname VARCHAR(100);
	  DECLARE pbname VARCHAR(100);
	  DECLARE bid INT;
	  SET max_sp_recursion_depth  = 255;

	   SELECT businessname,IFNULL(parentbusinessid,0) INTO bname,bid FROM `Business` WHERE businessid=varbusinessid AND ACTIVE=1;
	   SET pbname = CONCAT(bname, '~~', blist);
	   IF bid != 0  THEN        
		CALL SP_businessName(bid,pbname, pbname);
	   END IF;
	   
	SET parentname = pbname;
	END */$$
DELIMITER ;

/*!40101 SET SQL_MODE=@OLD_SQL_MODE */;
/*!40014 SET FOREIGN_KEY_CHECKS=@OLD_FOREIGN_KEY_CHECKS */;
/*!40014 SET UNIQUE_CHECKS=@OLD_UNIQUE_CHECKS */;
/*!40111 SET SQL_NOTES=@OLD_SQL_NOTES */;
